run,agent,instance_id,valid_case,excluded_reason,resolved,clean_tokens,tokens,tokens_change_pct,clean_rounds,rounds,rounds_change_pct,clean_read_locations,read_locations,read_locations_change_pct,clean_edit_length,edit_length,edit_length_change_pct
full_local6_20260921_220749,swe-agent,instance_ansible__ansible-0ea40e09d1b35bcb69ff4d9cecf3d0defa4b36e8-v30a923fb5c164d6cd18280c02422f75e611e8fb2,False,mutation_used_as_final_patch,False,55136.666667,1304,-97.6349676561415,12.0,2,-83.33333333333334,4.666666666666667,0,-100.0,4.666666666666667,17,264.2857142857143
full_local6_20260921_220749,swe-agent,instance_ansible__ansible-0fd88717c953b92ed8a50495d55e630eb5d59166-vba6da65a0f3baefda7a058ebbd0a8dcafb8512f5,True,,True,390961.0,185603,-52.526466834287824,22.333333333333332,15,-32.83582089552238,14.666666666666666,10,-31.818181818181813,90.66666666666667,124,36.76470588235294
full_local6_20260921_220749,swe-agent,instance_ansible__ansible-185d41031660a676c43fbb781cd1335902024bfe-vba6da65a0f3baefda7a058ebbd0a8dcafb8512f5,True,,False,373082.333333,116688,-68.72325769018698,22.0,14,-36.36363636363637,14.0,9,-35.71428571428571,68.0,67,-1.4705882352941124
full_local6_20260921_220749,swe-agent,instance_ansible__ansible-1a4644ff15355fd696ac5b9d074a566a80fe7ca3-v30a923fb5c164d6cd18280c02422f75e611e8fb2,True,,True,217490.0,246260,13.22819439974252,18.0,20,11.111111111111116,11.0,12,9.090909090909083,113.0,119,5.3097345132743445
full_local6_20260921_220749,swe-agent,instance_ansible__ansible-29aea9ff3466e4cd2ed00524b9e56738d568ce8b-vba6da65a0f3baefda7a058ebbd0a8dcafb8512f5,False,mutation_used_as_final_patch,False,240788.333333,49517,-79.43546545026328,19.333333333333332,9,-53.44827586206896,9.0,5,-44.44444444444444,51.666666666666664,12,-76.77419354838709
full_local6_20260921_220749,swe-agent,instance_ansible__ansible-379058e10f3dbc0fdcaf80394bd09b18927e7d33-v1055803c3a812189a1133297f7f5468579283f86,True,,True,110859.666667,115391,4.087449898808737,14.333333333333334,17,18.604651162790688,8.333333333333334,10,19.999999999999996,18.0,29,61.111111111111114
full_local6_20260921_220749,swe-agent,instance_ansible__ansible-502270c804c33d3bc963930dc85e0f4ca359674d-v7eee2454f617569fd6889f2211f75bc02a35f9f8,True,,True,222832.0,139507,-37.393641846772454,17.333333333333332,15,-13.461538461538458,11.666666666666666,8,-31.428571428571427,163.66666666666666,50,-69.4501018329939
full_local6_20260921_220749,swe-agent,instance_ansible__ansible-5260527c4a71bfed99d803e687dd19619423b134-vba6da65a0f3baefda7a058ebbd0a8dcafb8512f5,False,mutation_used_as_final_patch,False,319850.666667,1888,-99.40972453811841,24.0,3,-87.5,13.666666666666666,0,-100.0,20.333333333333332,6,-70.49180327868852
full_local6_20260921_220749,swe-agent,instance_ansible__ansible-5c225dc0f5bfa677addeac100a8018df3f3a9db1-v173091e2e36d38c978002990795f66cfc0af30ad,True,,True,148987.333333,162728,9.222707970944356,15.0,16,6.666666666666665,9.0,10,11.111111111111116,40.0,45,12.5
full_local6_20260921_220749,swe-agent,instance_ansible__ansible-622a493ae03bd5e5cf517d336fc426e9d12208c7-v906c969b551b346ef54a2c0b41e04f632b7b73c2,True,,True,346309.666667,332950,-3.8577227126166846,20.666666666666668,17,-17.741935483870975,12.333333333333334,10,-18.918918918918926,248.66666666666666,192,-22.788203753351198
full_local6_20260921_220749,swe-agent,instance_ansible__ansible-6cc97447aac5816745278f3735af128afb255c81-v0f01c69f1e2528b935359cfe578530722bca2c59,True,,True,894955.0,1305811,45.90800654781526,30.0,35,16.666666666666675,17.0,29,70.58823529411764,53.0,89,67.9245283018868
full_local6_20260921_220749,swe-agent,instance_ansible__ansible-8127abbc298cabf04aaa89a478fc5e5e3432a6fc-v30a923fb5c164d6cd18280c02422f75e611e8fb2,True,,True,305737.666667,337664,10.442394514567033,18.333333333333332,19,3.6363636363636376,12.666666666666666,14,10.526315789473696,237.0,237,0.0
full_local6_20260921_220749,swe-agent,instance_ansible__ansible-9759e0ca494de1fd5fc2df2c5d11c57adbe6007c-v1055803c3a812189a1133297f7f5468579283f86,True,,False,401718.333333,498633,24.12502956061595,19.666666666666668,31,57.62711864406778,13.666666666666666,14,2.4390243902439046,87.0,30,-65.51724137931035
full_local6_20260921_220749,swe-agent,instance_ansible__ansible-984216f52e76b904e5b0fa0fb956ab4f1e0a7751-v1055803c3a812189a1133297f7f5468579283f86,True,,False,650148.333333,1197642,84.21057758623505,27.666666666666668,34,22.891566265060238,18.666666666666668,19,1.7857142857142794,292.0,280,-4.109589041095896
full_local6_20260921_220749,swe-agent,instance_ansible__ansible-a6e671db25381ed111bbad0ab3e7d97366395d05-v0f01c69f1e2528b935359cfe578530722bca2c59,True,,True,157804.333333,173200,9.756174841226928,16.0,17,6.25,8.0,6,-25.0,23.666666666666668,41,73.2394366197183
full_local6_20260921_220749,swe-agent,instance_ansible__ansible-c1f2df47538b884a43320f53e787197793b105e8-v906c969b551b346ef54a2c0b41e04f632b7b73c2,True,,True,274530.666667,273832,-0.2544949442196409,19.666666666666668,21,6.779661016949157,13.333333333333334,13,-2.500000000000002,553.0,562,1.6274864376130127
full_local6_20260921_220749,swe-agent,instance_ansible__ansible-c616e54a6e23fa5616a1d56d243f69576164ef9b-v1055803c3a812189a1133297f7f5468579283f86,True,,False,620621.666667,834378,34.44229307703057,27.666666666666668,37,33.734939759036145,22.0,24,9.090909090909083,641.6666666666666,85,-86.75324675324674
full_local6_20260921_220749,swe-agent,instance_ansible__ansible-cb94c0cc550df9e98f1247bc71d8c2b861c75049-v1055803c3a812189a1133297f7f5468579283f86,True,,True,798083.0,1287254,61.293248947791135,24.0,35,45.83333333333333,14.0,16,14.28571428571428,25.666666666666668,33,28.57142857142856
full_local6_20260921_220749,swe-agent,instance_ansible__ansible-cd9c4eb5a6b2bfaf4a6709f001ce3d0c92c1eed2-v0f01c69f1e2528b935359cfe578530722bca2c59,True,,True,300640.333333,200486,-33.31367159644062,22.333333333333332,20,-10.447761194029848,13.0,12,-7.692307692307687,26.333333333333332,36,36.70886075949367
full_local6_20260921_220749,swe-agent,instance_ansible__ansible-d58e69c82d7edd0583dd8e78d76b075c33c3151e-v173091e2e36d38c978002990795f66cfc0af30ad,False,mutation_used_as_final_patch,False,324595.0,14764,-95.4515627166161,20.0,5,-75.0,13.0,1,-92.3076923076923,136.0,14,-89.70588235294117
full_local6_20260921_220749,swe-agent,instance_ansible__ansible-d62496fe416623e88b90139dc7917080cb04ce70-v0f01c69f1e2528b935359cfe578530722bca2c59,True,,True,134355.333333,137038,1.9966953305463608,15.666666666666666,14,-10.638297872340418,8.0,8,0.0,22.333333333333332,34,52.23880597014927
full_local6_20260921_220749,swe-agent,instance_ansible__ansible-e64c6c1ca50d7d26a8e7747d8eb87642e767cd74-v0f01c69f1e2528b935359cfe578530722bca2c59,True,,True,257837.0,151290,-41.32339423744459,19.333333333333332,14,-27.586206896551722,10.666666666666666,5,-53.125,24.333333333333332,30,23.28767123287672
full_local6_20260921_220749,swe-agent,instance_ansible__ansible-ed6581e4db2f1bec5a772213c3e186081adc162d-v0f01c69f1e2528b935359cfe578530722bca2c59,True,,True,113527.666667,132228,16.47204939730853,13.666666666666666,16,17.073170731707332,6.0,6,0.0,19.0,22,15.789473684210531
full_local6_20260921_220749,swe-agent,instance_ansible__ansible-eea46a0d1b99a6dadedbb6a3502d599235fa7ec3-v390e508d27db7a51eece36bb6d9698b63a5b638a,True,,True,460119.0,388074,-15.65790588956335,19.666666666666668,19,-3.3898305084745783,15.0,14,-6.666666666666665,447.0,432,-3.3557046979865723
full_local6_20260921_220749,swe-agent,instance_ansible__ansible-f8ef34672b961a95ec7282643679492862c688ec-vba6da65a0f3baefda7a058ebbd0a8dcafb8512f5,True,,True,940980.333333,666106,-29.21148546849871,33.333333333333336,23,-31.000000000000007,21.333333333333332,9,-57.8125,23.666666666666668,48,102.8169014084507
full_local6_20260921_220749,swe-agent,instance_ansible__ansible-fb144c44144f8bd3542e71f5db62b6d322c7bd85-vba6da65a0f3baefda7a058ebbd0a8dcafb8512f5,True,,True,239511.0,262062,9.41543394666633,17.0,20,17.647058823529417,9.333333333333334,12,28.57142857142856,18.666666666666668,21,12.5
full_local6_20260921_220749,swe-agent,instance_internetarchive__openlibrary-00bec1e7c8f3272c469a58e1377df03f955ed478-v13642507b4fc1f8d234172bf8129942da2c2ca26,True,,True,397201.666667,310544,-21.81704507792278,20.666666666666668,21,1.6129032258064502,12.333333333333334,11,-10.81081081081081,67.0,56,-16.417910447761198
full_local6_20260921_220749,swe-agent,instance_internetarchive__openlibrary-60725705782832a2cb22e17c49697948a42a9d03-v298a7a812ceed28c4c18355a091f1b268fe56d86,True,,True,213129.0,482815,126.53651075170438,27.0,33,22.222222222222232,15.0,19,26.66666666666666,3.3333333333333335,11,229.99999999999997
full_local6_20260921_220749,swe-agent,instance_internetarchive__openlibrary-72321288ea790a3ace9e36f1c05b68c93f7eec43-v0f5aece3601a5b4419f7ccec1dbda2071be28ee4,False,mutation_used_as_final_patch,False,216942.333333,1405,-99.35236245576682,17.666666666666668,3,-83.01886792452831,10.666666666666666,0,-100.0,28.666666666666668,11,-61.627906976744185
full_local6_20260921_220749,swe-agent,instance_internetarchive__openlibrary-e010b2a13697de70170033902ba2e27a1e1acbe9-v0f5aece3601a5b4419f7ccec1dbda2071be28ee4,True,,True,486487.0,453280,-6.82587612824187,27.333333333333332,24,-12.195121951219512,15.666666666666666,11,-29.78723404255319,9.333333333333334,4,-57.14285714285714
full_local6_20260921_220749,swe-agent,instance_internetarchive__openlibrary-e1e502986a3b003899a8347ac8a7ff7b08cbfc39-v08d8e8889ec945ab821fb156c04c7d2e2810debb,True,,True,709216.666667,740105,4.3552745986866315,28.666666666666668,29,1.1627906976744207,18.666666666666668,22,17.85714285714286,123.0,129,4.878048780487809
full_local6_20260921_220749,swe-agent,instance_internetarchive__openlibrary-e8084193a895d8ee81200f49093389a3887479ce-ve8c8d62a2b60610a3c4631f5f23ed866bada9818,True,,True,920845.333333,727548,-20.9912920591518,21.0,16,-23.809523809523814,9.0,8,-11.111111111111116,8.0,51,537.5
full_local6_20260921_220749,swe-agent,instance_internetarchive__openlibrary-fdbc0d8f418333c7e575c40b661b582c301ef7ac-v13642507b4fc1f8d234172bf8129942da2c2ca26,False,mutation_used_as_final_patch,False,419490.333333,990,-99.76399932934471,20.333333333333332,2,-90.1639344262295,9.0,0,-100.0,12.333333333333334,19,54.054054054054056
full_local6_20260921_220749,swe-agent,instance_qutebrowser__qutebrowser-0d2afd58f3d0e34af21cee7d8a3fc9d855594e9f-vnan,True,,True,287424.333333,224351,-21.944326216780475,20.0,18,-9.999999999999998,12.666666666666666,11,-13.157894736842103,44.666666666666664,50,11.9402985074627
full_local6_20260921_220749,swe-agent,instance_qutebrowser__qutebrowser-1943fa072ec3df5a87e18a23b0916f134c131016-vafb3e8e01b31319c66c4e666b8a3b1d8ba55db24,True,,True,268447.666667,329710,22.820959516475824,16.666666666666668,18,7.999999999999985,11.333333333333334,12,5.882352941176472,38.666666666666664,39,0.8620689655172376
full_local6_20260921_220749,swe-agent,instance_qutebrowser__qutebrowser-1a9e74bfaf9a9db2a510dc14572d33ded6040a57-v2ef375ac784985212b1805e1d0431dc8f1b3c171,True,,True,223599.333333,339880,52.004031019997086,17.0,24,41.176470588235304,10.0,12,19.999999999999996,37.666666666666664,39,3.539823008849563
full_local6_20260921_220749,swe-agent,instance_qutebrowser__qutebrowser-394bfaed6544c952c6b3463751abab3176ad4997-vafb3e8e01b31319c66c4e666b8a3b1d8ba55db24,True,,True,596042.0,768391,28.915579774579637,27.333333333333332,30,9.756097560975618,21.333333333333332,21,-1.5625,551.6666666666666,551,-0.12084592145014117
full_local6_20260921_220749,swe-agent,instance_qutebrowser__qutebrowser-46e6839e21d9ff72abb6c5d49d5abaa5a8da8a81-v2ef375ac784985212b1805e1d0431dc8f1b3c171,False,mutation_used_as_final_patch,False,517058.333333,1564,-99.69751962222166,25.0,3,-88.0,12.333333333333334,0,-100.0,49.666666666666664,8,-83.89261744966443
full_local6_20260921_220749,swe-agent,instance_qutebrowser__qutebrowser-479aa075ac79dc975e2e949e188a328e95bf78ff-vc2f56a753b62a190ddb23cd330c257b9cf560d12,True,,True,316021.0,278516,-11.867882197702052,16.333333333333332,16,-2.0408163265306034,10.333333333333334,10,-3.2258064516129115,34.0,41,20.58823529411764
full_local6_20260921_220749,swe-agent,instance_qutebrowser__qutebrowser-5cef49ff3074f9eab1da6937a141a39a20828502-v02ad04386d5238fe2d1a1be450df257370de4b6a,True,,True,215120.666667,502547,133.61167840648562,15.666666666666666,25,59.57446808510638,8.0,12,50.0,39.333333333333336,39,-0.8474576271186529
full_local6_20260921_220749,swe-agent,instance_qutebrowser__qutebrowser-5e0d6dc1483cb3336ea0e3dcbd4fe4aa00fc1742-v5149fcda2a9a6fe1d35dfed1bade1444a11ef271,False,mutation_used_as_final_patch,False,337341.666667,1535,-99.54497171512607,20.333333333333332,3,-85.24590163934427,12.0,0,-100.0,53.333333333333336,8,-85.0
full_local6_20260921_220749,swe-agent,instance_qutebrowser__qutebrowser-7b603dd6bf195e3e723ce08ff64a82b406e3f6b6-v9f8e9d96c85c85a605e382f1510bd08563afc566,True,,True,235955.333333,316800,34.26269943765383,18.0,19,5.555555555555558,7.333333333333333,7,-4.545454545454541,63.333333333333336,78,23.15789473684211
full_local6_20260921_220749,swe-agent,instance_qutebrowser__qutebrowser-8cd06741bb56cdca49f5cdc0542da97681154315-v5149fcda2a9a6fe1d35dfed1bade1444a11ef271,False,mutation_used_as_final_patch,False,520721.666667,1595,-99.69369432806413,14.0,3,-78.57142857142857,9.0,0,-100.0,58.333333333333336,14,-76.0
full_local6_20260921_220749,swe-agent,instance_qutebrowser__qutebrowser-8d05f0282a271bfd45e614238bd1b555c58b3fc1-v35616345bb8052ea303186706cec663146f0f184,True,,True,259926.666667,193737,-25.464746467047807,21.666666666666668,20,-7.692307692307699,6.333333333333333,7,10.526315789473696,17.666666666666668,29,64.1509433962264
full_local6_20260921_220749,swe-agent,instance_qutebrowser__qutebrowser-e57b6e0eeeb656eb2c84d6547d5a0a7333ecee85-v2ef375ac784985212b1805e1d0431dc8f1b3c171,True,,True,192319.0,329744,71.45679834025759,19.333333333333332,29,50.0,7.666666666666667,11,43.47826086956521,48.0,62,29.166666666666675
full_local6_20260921_220749,swe-agent,instance_qutebrowser__qutebrowser-e70f5b03187bdd40e8bf70f5f3ead840f52d1f42-v02ad04386d5238fe2d1a1be450df257370de4b6a,True,,True,606110.0,457386,-24.537460196993944,24.0,22,-8.333333333333337,13.333333333333334,13,-2.500000000000002,37.0,39,5.405405405405395
full_local6_20260921_220749,swe-agent,instance_qutebrowser__qutebrowser-ec2dcfce9eee9f808efc17a1b99e227fc4421dea-v5149fcda2a9a6fe1d35dfed1bade1444a11ef271,True,,True,212997.333333,274029,28.653723364500117,24.0,24,0.0,16.666666666666668,13,-22.000000000000007,78.0,67,-14.102564102564108
full_local6_20260921_220749,swe-agent,instance_qutebrowser__qutebrowser-ef5ba1a0360b39f9eff027fbdc57f363597c3c3b-v363c8a7e5ccdf6968fc7ab84a2053ac78036691d,False,mutation_used_as_final_patch,False,849477.333333,1560,-99.8163576662041,31.333333333333332,3,-90.42553191489363,17.666666666666668,0,-100.0,77.66666666666667,13,-83.2618025751073
full_local6_20260921_220749,swe-agent,instance_qutebrowser__qutebrowser-f91ace96223cac8161c16dd061907e138fe85111-v059c6fdc75567943479b23ebca7c07b5e9a7f34c,True,,True,138538.333333,141472,2.1175847842405116,13.333333333333334,18,34.999999999999986,5.333333333333333,7,31.25,65.0,52,-19.999999999999996
full_local6_20260921_220749,swe-agent,instance_qutebrowser__qutebrowser-fea33d607fde83cf505b228238cf365936437a63-v9f8e9d96c85c85a605e382f1510bd08563afc566,True,,True,238528.333333,131605,-44.82626103110717,16.666666666666668,12,-28.000000000000004,6.666666666666667,4,-40.0,6.666666666666667,13,95.0
full_local6_20260921_220749,opencode,instance_ansible__ansible-0ea40e09d1b35bcb69ff4d9cecf3d0defa4b36e8-v30a923fb5c164d6cd18280c02422f75e611e8fb2,True,,True,273164.666667,264984,-2.994774824583224,11.0,10,-9.090909090909093,14.333333333333334,15,4.6511627906976605,10.333333333333334,13,25.806451612903224
full_local6_20260921_220749,opencode,instance_ansible__ansible-0fd88717c953b92ed8a50495d55e630eb5d59166-vba6da65a0f3baefda7a058ebbd0a8dcafb8512f5,True,,True,573913.666667,738636,28.701587520928683,15.666666666666666,19,21.27659574468086,20.333333333333332,18,-11.475409836065564,126.33333333333333,135,6.860158311345654
full_local6_20260921_220749,opencode,instance_ansible__ansible-164881d871964aa64e0f911d03ae270acbad253c-v390e508d27db7a51eece36bb6d9698b63a5b638a,True,,True,401764.333333,291911,-27.34272911228004,12.666666666666666,12,-5.263157894736836,19.666666666666668,21,6.779661016949157,69.66666666666667,79,13.397129186602875
full_local6_20260921_220749,opencode,instance_ansible__ansible-189fcb37f973f0b1d52b555728208eeb9a6fce83-v906c969b551b346ef54a2c0b41e04f632b7b73c2,False,mutation_used_as_final_patch,False,685829.333333,0,-100.0,18.333333333333332,1,-94.54545454545455,24.333333333333332,0,-100.0,178.0,11,-93.82022471910112
full_local6_20260921_220749,opencode,instance_ansible__ansible-1b70260d5aa2f6c9782fd2b848e8d16566e50d85-vba6da65a0f3baefda7a058ebbd0a8dcafb8512f5,True,,True,1723601.0,1677325,-2.684844114154028,24.666666666666668,28,13.513513513513509,48.0,47,-2.083333333333337,82.66666666666667,103,24.596774193548377
full_local6_20260921_220749,opencode,instance_ansible__ansible-1ee70fc272aff6bf3415357c6e13c5de5b928d9b-v1055803c3a812189a1133297f7f5468579283f86,True,,True,302280.666667,742199,145.5330697075725,13.333333333333334,17,27.499999999999993,15.0,23,53.33333333333334,17.333333333333332,36,107.69230769230771
full_local6_20260921_220749,opencode,instance_ansible__ansible-29aea9ff3466e4cd2ed00524b9e56738d568ce8b-vba6da65a0f3baefda7a058ebbd0a8dcafb8512f5,True,,True,376766.666667,306389,-18.67937715657907,12.333333333333334,10,-18.918918918918926,16.333333333333332,14,-14.28571428571428,115.0,143,24.347826086956516
full_local6_20260921_220749,opencode,instance_ansible__ansible-395e5e20fab9cad517243372fa3c3c5d9e09ab2a-v7eee2454f617569fd6889f2211f75bc02a35f9f8,True,,True,1162716.0,1340571,15.296512647972516,20.333333333333332,27,32.78688524590165,28.666666666666668,27,-5.813953488372093,303.0,272,-10.231023102310232
full_local6_20260921_220749,opencode,instance_ansible__ansible-39bd8b99ec8c6624207bf3556ac7f9626dad9173-v1055803c3a812189a1133297f7f5468579283f86,False,mutation_used_as_final_patch,False,519598.333333,0,-100.0,17.0,1,-94.11764705882352,20.333333333333332,0,-100.0,102.33333333333333,6,-94.13680781758957
full_local6_20260921_220749,opencode,instance_ansible__ansible-3db08adbb1cc6aa9941be5e0fc810132c6e1fa4b-vba6da65a0f3baefda7a058ebbd0a8dcafb8512f5,True,,False,476341.666667,606492,27.322894980754487,15.0,14,-6.666666666666665,19.333333333333332,20,3.4482758620689724,59.333333333333336,22,-62.92134831460674
full_local6_20260921_220749,opencode,instance_ansible__ansible-4c5ce5a1a9e79a845aff4978cfeb72a0d4ecf7d6-v1055803c3a812189a1133297f7f5468579283f86,True,,True,2314070.666667,2294597,-0.8415329292881246,28.0,28,0.0,42.666666666666664,40,-6.25,394.3333333333333,401,1.690617075232459
full_local6_20260921_220749,opencode,instance_ansible__ansible-5260527c4a71bfed99d803e687dd19619423b134-vba6da65a0f3baefda7a058ebbd0a8dcafb8512f5,True,,True,530413.333333,432075,-18.53994369166092,15.0,14,-6.666666666666665,28.666666666666668,20,-30.23255813953488,33.666666666666664,19,-43.56435643564356
full_local6_20260921_220749,opencode,instance_ansible__ansible-5c225dc0f5bfa677addeac100a8018df3f3a9db1-v173091e2e36d38c978002990795f66cfc0af30ad,False,mutation_used_as_final_patch,False,536482.333333,35919,-93.30471895004514,17.0,4,-76.47058823529412,22.666666666666668,7,-69.11764705882352,35.333333333333336,12,-66.03773584905662
full_local6_20260921_220749,opencode,instance_ansible__ansible-5e88cd9972f10b66dd97e1ee684c910c6a2dd25e-v906c969b551b346ef54a2c0b41e04f632b7b73c2,True,,True,863153.333333,750284,-13.076394306115201,16.666666666666668,13,-22.000000000000007,26.333333333333332,24,-8.860759493670878,231.33333333333334,262,13.256484149855897
full_local6_20260921_220749,opencode,instance_ansible__ansible-6cc97447aac5816745278f3735af128afb255c81-v0f01c69f1e2528b935359cfe578530722bca2c59,True,,True,1515579.333333,3873468,155.5767233564493,24.333333333333332,41,68.49315068493152,44.666666666666664,72,61.19402985074627,72.33333333333333,51,-29.49308755760368
full_local6_20260921_220749,opencode,instance_ansible__ansible-748f534312f2073a25a87871f5bd05882891b8c4-v0f01c69f1e2528b935359cfe578530722bca2c59,True,,True,544138.333333,472970,-13.079088344515988,15.0,16,6.666666666666665,22.0,21,-4.545454545454541,114.33333333333333,96,-16.034985422740522
full_local6_20260921_220749,opencode,instance_ansible__ansible-77658704217d5f166404fc67997203c25381cb6e-v390e508d27db7a51eece36bb6d9698b63a5b638a,True,,True,617405.333333,166363,-73.05449256456755,15.0,7,-53.333333333333336,20.666666666666668,14,-32.25806451612904,125.66666666666667,107,-14.854111405835546
full_local6_20260921_220749,opencode,instance_ansible__ansible-83fb24b923064d3576d473747ebbe62e4535c9e3-vba6da65a0f3baefda7a058ebbd0a8dcafb8512f5,True,,True,570355.0,760622,33.359398970816414,18.0,22,22.222222222222232,24.0,22,-8.333333333333337,53.333333333333336,61,14.375000000000004
full_local6_20260921_220749,opencode,instance_ansible__ansible-942424e10b2095a173dbd78e7128f52f7995849b-v30a923fb5c164d6cd18280c02422f75e611e8fb2,False,mutation_used_as_final_patch,False,875507.333333,0,-100.0,20.0,1,-95.0,22.333333333333332,0,-100.0,152.66666666666666,6,-96.06986899563319
full_local6_20260921_220749,opencode,instance_ansible__ansible-984216f52e76b904e5b0fa0fb956ab4f1e0a7751-v1055803c3a812189a1133297f7f5468579283f86,False,mutation_used_as_final_patch,False,1641018.666667,0,-100.0,28.666666666666668,1,-96.51162790697676,41.333333333333336,0,-100.0,262.0,7,-97.32824427480917
full_local6_20260921_220749,opencode,instance_ansible__ansible-9a21e247786ebd294dafafca1105fcd770ff46c6-v67cdaa49f89b34e42b69d5b7830b3c3ad3d8803f,False,mutation_used_as_final_patch,False,348194.0,71513,-79.46173684784918,12.666666666666666,5,-60.526315789473685,14.666666666666666,11,-25.0,106.0,14,-86.79245283018868
full_local6_20260921_220749,opencode,instance_ansible__ansible-a26c325bd8f6e2822d9d7e62f77a424c1db4fbf6-v0f01c69f1e2528b935359cfe578530722bca2c59,True,,True,797111.0,530084,-33.499349525975674,19.333333333333332,15,-22.413793103448278,25.333333333333332,27,6.578947368421062,53.0,61,15.094339622641506
full_local6_20260921_220749,opencode,instance_ansible__ansible-b2a289dcbb702003377221e25f62c8a3608f0e89-v173091e2e36d38c978002990795f66cfc0af30ad,True,,False,1257030.333333,551995,-56.08737630567815,22.0,15,-31.818181818181824,37.333333333333336,33,-11.607142857142861,139.0,47,-66.18705035971223
full_local6_20260921_220749,opencode,instance_ansible__ansible-b748edea457a4576847a10275678127895d2f02f-v1055803c3a812189a1133297f7f5468579283f86,False,mutation_used_as_final_patch,False,1012490.0,104813,-89.64799652342246,19.666666666666668,6,-69.49152542372882,34.0,16,-52.94117647058824,180.33333333333334,26,-85.58225508317929
full_local6_20260921_220749,opencode,instance_ansible__ansible-b8025ac160146319d2b875be3366b60c852dd35d-v0f01c69f1e2528b935359cfe578530722bca2c59,True,,True,1858622.666667,2428810,30.67795005187881,25.333333333333332,32,26.315789473684227,37.0,41,10.81081081081081,104.0,110,5.769230769230771
full_local6_20260921_220749,opencode,instance_ansible__ansible-be2c376ab87e3e872ca21697508f12c6909cf85a-vba6da65a0f3baefda7a058ebbd0a8dcafb8512f5,False,mutation_used_as_final_patch,False,487842.333333,0,-100.0,16.0,1,-93.75,18.333333333333332,0,-100.0,97.0,66,-31.958762886597935
full_local6_20260921_220749,opencode,instance_ansible__ansible-be59caa59bf47ca78a4760eb7ff38568372a8260-v1055803c3a812189a1133297f7f5468579283f86,True,,True,646325.666667,752300,16.396429663623447,18.666666666666668,21,12.5,26.333333333333332,21,-20.253164556962023,82.0,70,-14.634146341463417
full_local6_20260921_220749,opencode,instance_ansible__ansible-c1f2df47538b884a43320f53e787197793b105e8-v906c969b551b346ef54a2c0b41e04f632b7b73c2,True,,True,1205093.666667,870723,-27.746446265192727,20.333333333333332,18,-11.475409836065564,25.0,27,8.000000000000007,469.6666666666667,384,-18.239886444286736
full_local6_20260921_220749,opencode,instance_ansible__ansible-cd473dfb2fdbc97acf3293c134b21cbbcfa89ec3-vba6da65a0f3baefda7a058ebbd0a8dcafb8512f5,False,mutation_used_as_final_patch,False,947019.0,44646,-95.28562784907166,20.333333333333332,4,-80.32786885245902,31.333333333333332,7,-77.6595744680851,50.0,7,-86.0
full_local6_20260921_220749,opencode,instance_ansible__ansible-cd9c4eb5a6b2bfaf4a6709f001ce3d0c92c1eed2-v0f01c69f1e2528b935359cfe578530722bca2c59,True,,True,750772.666667,560131,-25.392728735495883,14.333333333333334,14,-2.3255813953488413,18.333333333333332,17,-7.2727272727272645,52.0,62,19.23076923076923
full_local6_20260921_220749,opencode,instance_ansible__ansible-d30fc6c0b359f631130b0e979d9a78a7b3747d48-v1055803c3a812189a1133297f7f5468579283f86,True,,True,1121957.0,628053,-44.021651453665335,23.0,15,-34.78260869565217,35.0,24,-31.428571428571427,110.66666666666667,108,-2.4096385542168752
full_local6_20260921_220749,opencode,instance_ansible__ansible-d33bedc48fdd933b5abd65a77c081876298e2f07-v0f01c69f1e2528b935359cfe578530722bca2c59,True,,False,1046494.0,366786,-64.95096961855491,22.0,11,-50.0,35.333333333333336,19,-46.22641509433962,220.0,233,5.909090909090908
full_local6_20260921_220749,opencode,instance_ansible__ansible-d62496fe416623e88b90139dc7917080cb04ce70-v0f01c69f1e2528b935359cfe578530722bca2c59,True,,True,311572.0,465788,49.496103629337675,12.333333333333334,12,-2.7027027027027084,13.333333333333334,14,5.000000000000004,65.33333333333333,87,33.163265306122454
full_local6_20260921_220749,opencode,instance_ansible__ansible-d6d2251929c84c3aa883bad7db0f19cc9ff0339e-v30a923fb5c164d6cd18280c02422f75e611e8fb2,False,mutation_used_as_final_patch,False,1222718.666667,0,-100.0,22.666666666666668,1,-95.58823529411765,32.333333333333336,0,-100.0,194.0,10,-94.84536082474226
full_local6_20260921_220749,opencode,instance_ansible__ansible-deb54e4c5b32a346f1f0b0a14f1c713d2cc2e961-vba6da65a0f3baefda7a058ebbd0a8dcafb8512f5,False,mutation_used_as_final_patch,False,1244372.666667,226324,-81.81220095373845,26.0,10,-61.53846153846154,37.666666666666664,29,-23.008849557522115,48.333333333333336,8,-83.44827586206897
full_local6_20260921_220749,opencode,instance_ansible__ansible-e40889e7112ae00a21a2c74312b330e67a766cc0-v1055803c3a812189a1133297f7f5468579283f86,True,,True,1947082.333333,2334329,19.88856146643343,30.0,32,6.666666666666665,44.666666666666664,31,-30.597014925373134,494.0,274,-44.534412955465584
full_local6_20260921_220749,opencode,instance_ansible__ansible-e64c6c1ca50d7d26a8e7747d8eb87642e767cd74-v0f01c69f1e2528b935359cfe578530722bca2c59,True,,True,358568.333333,401133,11.870726639842587,13.333333333333334,13,-2.500000000000002,19.0,21,10.526315789473696,68.0,82,20.58823529411764
full_local6_20260921_220749,opencode,instance_ansible__ansible-e9e6001263f51103e96e58ad382660df0f3d0e39-v30a923fb5c164d6cd18280c02422f75e611e8fb2,True,,True,550646.666667,704960,28.02402024278845,17.0,20,17.647058823529417,21.0,20,-4.761904761904767,212.66666666666666,98,-53.918495297805634
full_local6_20260921_220749,opencode,instance_ansible__ansible-ea04e0048dbb3b63f876aad7020e1de8eee9f362-v1055803c3a812189a1133297f7f5468579283f86,False,mutation_used_as_final_patch,False,1649616.0,10955,-99.33590605328754,28.0,2,-92.85714285714286,39.333333333333336,0,-100.0,224.0,13,-94.19642857142857
full_local6_20260921_220749,opencode,instance_ansible__ansible-ecea15c508f0e081525be036cf76bbb56dbcdd9d-vba6da65a0f3baefda7a058ebbd0a8dcafb8512f5,True,,False,1252168.333333,338413,-72.97384137648505,25.0,11,-56.00000000000001,35.333333333333336,21,-40.56603773584906,244.33333333333334,31,-87.31241473396999
full_local6_20260921_220749,opencode,instance_ansible__ansible-ed6581e4db2f1bec5a772213c3e186081adc162d-v0f01c69f1e2528b935359cfe578530722bca2c59,True,,True,408939.0,204640,-49.95830674012506,13.0,9,-30.76923076923077,16.666666666666668,15,-10.000000000000009,40.333333333333336,33,-18.181818181818187
full_local6_20260921_220749,opencode,instance_ansible__ansible-eea46a0d1b99a6dadedbb6a3502d599235fa7ec3-v390e508d27db7a51eece36bb6d9698b63a5b638a,True,,True,1102755.0,2074136,88.08674637612161,16.0,22,37.5,30.666666666666668,46,50.0,299.3333333333333,310,3.563474387527843
full_local6_20260921_220749,opencode,instance_ansible__ansible-f327e65d11bb905ed9f15996024f857a95592629-vba6da65a0f3baefda7a058ebbd0a8dcafb8512f5,False,mutation_used_as_final_patch,False,655875.0,96126,-85.34385363064608,15.0,6,-60.0,18.666666666666668,16,-14.28571428571429,9.666666666666666,6,-37.93103448275862
full_local6_20260921_220749,opencode,instance_ansible__ansible-f8ef34672b961a95ec7282643679492862c688ec-vba6da65a0f3baefda7a058ebbd0a8dcafb8512f5,True,,True,1011912.333333,1022988,1.0945282809746493,18.666666666666668,17,-8.92857142857143,32.666666666666664,33,1.0204081632653184,55.666666666666664,67,20.359281437125752
full_local6_20260921_220749,opencode,instance_internetarchive__openlibrary-03095f2680f7516fca35a58e665bf2a41f006273-v8717e18970bcdc4e0d2cea3b1527752b21e74866,True,,True,838751.0,759358,-9.465622097618965,16.333333333333332,16,-2.0408163265306034,28.666666666666668,31,8.139534883720923,74.66666666666667,75,0.44642857142855874
full_local6_20260921_220749,opencode,instance_internetarchive__openlibrary-308a35d6999427c02b1dbf5211c033ad3b352556-ve8c8d62a2b60610a3c4631f5f23ed866bada9818,True,,True,1067370.0,577736,-45.872940030167605,24.333333333333332,15,-38.35616438356164,38.0,28,-26.315789473684216,251.33333333333334,280,11.405835543766575
full_local6_20260921_220749,opencode,instance_internetarchive__openlibrary-30bc73a1395fba2300087c7f307e54bb5372b60a-v76304ecdb3a5954fcf13feb710e8c40fcf24b73c,False,mutation_used_as_final_patch,False,1866460.333333,0,-100.0,25.0,1,-96.0,32.333333333333336,0,-100.0,415.6666666666667,15,-96.39133921411387
full_local6_20260921_220749,opencode,instance_internetarchive__openlibrary-322d7a46cdc965bfabbf9500e98fde098c9d95b2-v13642507b4fc1f8d234172bf8129942da2c2ca26,True,,True,1625557.0,1018961,-37.316193772350026,27.0,19,-29.629629629629626,25.666666666666668,22,-14.28571428571429,294.0,196,-33.333333333333336
full_local6_20260921_220749,opencode,instance_internetarchive__openlibrary-3c48b4bb782189e0858e6c3fc7956046cf3e1cfb-v2d9a6c849c60ed19fd0858ce9e40b7cc8e097e59,False,mutation_used_as_final_patch,False,760683.333333,0,-100.0,16.0,1,-93.75,24.666666666666668,0,-100.0,25.0,16,-36.0
full_local6_20260921_220749,opencode,instance_internetarchive__openlibrary-58999808a17a26b387f8237860a7a524d1e2d262-v08d8e8889ec945ab821fb156c04c7d2e2810debb,True,,True,662395.333333,739274,11.606160671477973,16.666666666666668,18,7.999999999999985,26.333333333333332,30,13.924050632911399,93.66666666666667,105,12.099644128113862
full_local6_20260921_220749,opencode,instance_internetarchive__openlibrary-5fb312632097be7e9ac6ab657964af115224d15d-v0f5aece3601a5b4419f7ccec1dbda2071be28ee4,True,,True,1426171.666667,1419702,-0.45363870410634055,23.0,21,-8.695652173913048,30.333333333333332,34,12.08791208791209,127.33333333333333,100,-21.46596858638743
full_local6_20260921_220749,opencode,instance_internetarchive__openlibrary-60725705782832a2cb22e17c49697948a42a9d03-v298a7a812ceed28c4c18355a091f1b268fe56d86,True,,True,389691.666667,343213,-11.927036332218266,12.666666666666666,15,18.42105263157896,15.333333333333334,20,30.434782608695656,14.0,20,42.85714285714286
full_local6_20260921_220749,opencode,instance_internetarchive__openlibrary-6a117fab6c963b74dc1ba907d838e74f76d34a4b-v13642507b4fc1f8d234172bf8129942da2c2ca26,True,,False,485623.333333,557462,14.793083803026196,14.333333333333334,14,-2.3255813953488413,16.0,23,43.75,11.666666666666666,24,105.71428571428574
full_local6_20260921_220749,opencode,instance_internetarchive__openlibrary-72321288ea790a3ace9e36f1c05b68c93f7eec43-v0f5aece3601a5b4419f7ccec1dbda2071be28ee4,True,,True,436979.333333,422335,-3.351264514342678,14.333333333333334,14,-2.3255813953488413,17.0,22,29.41176470588236,44.0,47,6.818181818181812
full_local6_20260921_220749,opencode,instance_internetarchive__openlibrary-757fcf46c70530739c150c57b37d6375f155dc97-ve8c8d62a2b60610a3c4631f5f23ed866bada9818,True,,False,515727.0,480101,-6.9079183366393515,15.333333333333334,15,-2.1739130434782594,24.666666666666668,23,-6.756756756756765,195.0,199,2.051282051282044
full_local6_20260921_220749,opencode,instance_internetarchive__openlibrary-798a582540019363d14b2090755cc7b89a350788-v430f20c722405e462d9ef44dee7d34c41e76fe7a,False,mutation_used_as_final_patch,False,883966.333333,113243,-87.18921799057475,21.333333333333332,6,-71.875,36.0,19,-47.22222222222222,259.3333333333333,10,-96.1439588688946
full_local6_20260921_220749,opencode,instance_internetarchive__openlibrary-7bf3238533070f2d24bafbb26eedf675d51941f6-v08d8e8889ec945ab821fb156c04c7d2e2810debb,True,,True,1513119.333333,1035950,-31.535472637304995,22.0,21,-4.545454545454541,33.666666666666664,26,-22.77227722772277,97.0,56,-42.26804123711341
full_local6_20260921_220749,opencode,instance_internetarchive__openlibrary-7cbfb812ef0e1f9716e2d6e85d538a96fcb79d13-vfa6ff903cb27f336e17654595dd900fa943dcd91,True,,True,226478.666667,257648,13.762591325579198,10.0,12,19.999999999999996,12.333333333333334,13,5.405405405405395,6.333333333333333,8,26.315789473684227
full_local6_20260921_220749,opencode,instance_internetarchive__openlibrary-7f7e53aa4cf74a4f8549a5bcd4810c527e2f6d7e-v13642507b4fc1f8d234172bf8129942da2c2ca26,False,mutation_used_as_final_patch,False,908307.666667,0,-100.0,20.666666666666668,1,-95.16129032258065,31.333333333333332,0,-100.0,36.666666666666664,6,-83.63636363636364
full_local6_20260921_220749,opencode,instance_internetarchive__openlibrary-b4f7c185ae5f1824ac7f3a18e8adf6a4b468459c-v08d8e8889ec945ab821fb156c04c7d2e2810debb,False,mutation_used_as_final_patch,False,577373.666667,0,-100.0,15.333333333333334,1,-93.47826086956522,23.333333333333332,0,-100.0,35.666666666666664,13,-63.55140186915887
full_local6_20260921_220749,opencode,instance_internetarchive__openlibrary-e390c1212055dd84a262a798e53487e771d3fb64-v8717e18970bcdc4e0d2cea3b1527752b21e74866,False,mutation_used_as_final_patch,False,915458.333333,22132,-97.58241318101045,19.333333333333332,3,-84.48275862068965,26.666666666666668,3,-88.75,124.33333333333333,16,-87.1313672922252
full_local6_20260921_220749,opencode,instance_internetarchive__openlibrary-e8084193a895d8ee81200f49093389a3887479ce-ve8c8d62a2b60610a3c4631f5f23ed866bada9818,False,mutation_used_as_final_patch,False,597490.0,186384,-68.80550302097106,15.0,7,-53.333333333333336,17.0,18,5.882352941176472,23.666666666666668,14,-40.845070422535215
full_local6_20260921_220749,opencode,instance_qutebrowser__qutebrowser-0833b5f6f140d04200ec91605f88704dd18e2970-v059c6fdc75567943479b23ebca7c07b5e9a7f34c,False,mutation_used_as_final_patch,False,235274.666667,0,-100.0,10.333333333333334,1,-90.32258064516128,12.333333333333334,0,-100.0,4.0,6,50.0
full_local6_20260921_220749,opencode,instance_qutebrowser__qutebrowser-0fc6d1109d041c69a68a896db87cf1b8c194cef7-v2ef375ac784985212b1805e1d0431dc8f1b3c171,False,mutation_used_as_final_patch,False,2734387.0,0,-100.0,41.666666666666664,1,-97.6,53.666666666666664,0,-100.0,161.33333333333334,8,-95.0413223140496
full_local6_20260921_220749,opencode,instance_qutebrowser__qutebrowser-16de05407111ddd82fa12e54389d532362489da9-v363c8a7e5ccdf6968fc7ab84a2053ac78036691d,False,mutation_used_as_final_patch,False,1358358.333333,204735,-84.92776206572515,21.666666666666668,7,-67.6923076923077,30.333333333333332,18,-40.65934065934066,119.33333333333333,6,-94.97206703910615
full_local6_20260921_220749,opencode,instance_qutebrowser__qutebrowser-233cb1cc48635130e5602549856a6fa4ab4c087f-v35616345bb8052ea303186706cec663146f0f184,True,,True,1022055.0,1112410,8.840522281090557,22.0,23,4.545454545454541,36.333333333333336,29,-20.18348623853211,67.0,65,-2.985074626865669
full_local6_20260921_220749,opencode,instance_qutebrowser__qutebrowser-322834d0e6bf17e5661145c9f085b41215c280e8-v488d33dd1b2540b234cbb0468af6b6614941ce8f,False,mutation_used_as_final_patch,False,1114809.666667,154000,-86.18598271932632,21.0,6,-71.42857142857143,29.333333333333332,15,-48.86363636363637,97.33333333333333,10,-89.72602739726028
full_local6_20260921_220749,opencode,instance_qutebrowser__qutebrowser-473a15f7908f2bb6d670b0e908ab34a28d8cf7e2-v363c8a7e5ccdf6968fc7ab84a2053ac78036691d,False,mutation_used_as_final_patch,False,1706585.333333,11100,-99.34957837834446,21.333333333333332,2,-90.625,31.333333333333332,0,-100.0,121.0,11,-90.9090909090909
full_local6_20260921_220749,opencode,instance_qutebrowser__qutebrowser-50efac08f623644a85441bbe02ab9347d2b71a9d-v9f8e9d96c85c85a605e382f1510bd08563afc566,True,,False,627732.666667,222188,-64.60467778748459,14.666666666666666,9,-38.63636363636363,18.333333333333332,14,-23.636363636363633,45.0,43,-4.444444444444439
full_local6_20260921_220749,opencode,instance_qutebrowser__qutebrowser-52708364b5f91e198defb022d1a5b4b3ebd9b563-v2ef375ac784985212b1805e1d0431dc8f1b3c171,False,mutation_used_as_final_patch,False,1356945.333333,90322,-93.34372595702537,24.0,6,-75.0,41.0,14,-65.85365853658536,47.0,8,-82.97872340425532
full_local6_20260921_220749,opencode,instance_qutebrowser__qutebrowser-5cef49ff3074f9eab1da6937a141a39a20828502-v02ad04386d5238fe2d1a1be450df257370de4b6a,True,,True,507019.666667,385371,-23.99288916477007,12.666666666666666,12,-5.263157894736836,15.0,14,-6.666666666666665,87.0,93,6.896551724137923
full_local6_20260921_220749,opencode,instance_qutebrowser__qutebrowser-5e0d6dc1483cb3336ea0e3dcbd4fe4aa00fc1742-v5149fcda2a9a6fe1d35dfed1bade1444a11ef271,True,,True,1273550.666667,923972,-27.449136953607013,20.333333333333332,20,-1.6393442622950727,33.333333333333336,35,4.999999999999982,64.0,62,-3.125
full_local6_20260921_220749,opencode,instance_qutebrowser__qutebrowser-5fdc83e5da6222fe61163395baaad7ae57fa2cb4-v363c8a7e5ccdf6968fc7ab84a2053ac78036691d,True,,True,782513.333333,775438,-0.9041805464021446,20.0,18,-9.999999999999998,31.333333333333332,25,-20.21276595744681,117.0,122,4.2735042735042805
full_local6_20260921_220749,opencode,instance_qutebrowser__qutebrowser-66cfa15c372fa9e613ea5a82d3b03e4609399fb6-v363c8a7e5ccdf6968fc7ab84a2053ac78036691d,True,,True,1469770.666667,1178394,-19.824634772971418,19.666666666666668,21,6.779661016949157,38.666666666666664,35,-9.482758620689646,139.0,143,2.877697841726623
full_local6_20260921_220749,opencode,instance_qutebrowser__qutebrowser-6b320dc18662580e1313d2548fdd6231d2a97e6d-v363c8a7e5ccdf6968fc7ab84a2053ac78036691d,True,,True,380545.333333,270347,-28.958004127347913,14.333333333333334,14,-2.3255813953488413,14.0,11,-21.42857142857143,36.0,22,-38.888888888888886
full_local6_20260921_220749,opencode,instance_qutebrowser__qutebrowser-6dd402c0d0f7665d32a74c43c5b4cf5dc8aff28d-v5fc38aaf22415ab0b70567368332beee7955b367,False,mutation_used_as_final_patch,False,525031.666667,0,-100.0,16.666666666666668,1,-94.0,20.666666666666668,0,-100.0,56.666666666666664,6,-89.41176470588236
full_local6_20260921_220749,opencode,instance_qutebrowser__qutebrowser-70248f256f93ed9b1984494d0a1a919ddd774892-v2ef375ac784985212b1805e1d0431dc8f1b3c171,False,mutation_used_as_final_patch,False,1178231.666667,441127,-62.560249186998426,20.333333333333332,13,-36.065573770491795,28.666666666666668,28,-2.3255813953488413,55.666666666666664,6,-89.22155688622755
full_local6_20260921_220749,opencode,instance_qutebrowser__qutebrowser-7f9713b20f623fc40473b7167a082d6db0f0fd40-va0fd88aac89cde702ec1ba84877234da33adce8a,False,mutation_used_as_final_patch,False,759233.0,0,-100.0,17.666666666666668,1,-94.33962264150944,28.0,0,-100.0,110.33333333333333,6,-94.5619335347432
full_local6_20260921_220749,opencode,instance_qutebrowser__qutebrowser-8d05f0282a271bfd45e614238bd1b555c58b3fc1-v35616345bb8052ea303186706cec663146f0f184,True,,True,731827.0,628483,-14.121370214545237,16.333333333333332,15,-8.163265306122447,18.0,13,-27.77777777777778,46.333333333333336,55,18.705035971223015
full_local6_20260921_220749,opencode,instance_qutebrowser__qutebrowser-8f46ba3f6dc7b18375f7aa63c48a1fe461190430-v2ef375ac784985212b1805e1d0431dc8f1b3c171,True,,True,530640.666667,630686,18.853687554968857,14.333333333333334,14,-2.3255813953488413,19.666666666666668,19,-3.3898305084745783,87.66666666666667,99,12.927756653992395
full_local6_20260921_220749,opencode,instance_qutebrowser__qutebrowser-a84ecfb80a00f8ab7e341372560458e3f9cfffa2-v2ef375ac784985212b1805e1d0431dc8f1b3c171,False,mutation_used_as_final_patch,False,577471.666667,123915,-78.54180435982225,16.333333333333332,7,-57.14285714285714,22.333333333333332,16,-28.358208955223873,101.33333333333333,8,-92.10526315789474
full_local6_20260921_220749,opencode,instance_qutebrowser__qutebrowser-e64622cd2df5b521342cf4a62e0d4cb8f8c9ae5a-v363c8a7e5ccdf6968fc7ab84a2053ac78036691d,False,mutation_used_as_final_patch,False,586817.333333,0,-100.0,18.666666666666668,1,-94.64285714285714,23.333333333333332,0,-100.0,41.666666666666664,12,-71.2
full_local6_20260921_220749,opencode,instance_qutebrowser__qutebrowser-e70f5b03187bdd40e8bf70f5f3ead840f52d1f42-v02ad04386d5238fe2d1a1be450df257370de4b6a,True,,True,763255.666667,639541,-16.20881076549876,16.0,14,-12.5,24.333333333333332,15,-38.35616438356164,94.0,123,30.85106382978724
full_local6_20260921_220749,opencode,instance_qutebrowser__qutebrowser-ed19d7f58b2664bb310c7cb6b52c5b9a06ea60b2-v059c6fdc75567943479b23ebca7c07b5e9a7f34c,True,,True,1072698.0,1321888,23.230210180311705,23.333333333333332,26,11.428571428571432,41.333333333333336,54,30.645161290322577,82.66666666666667,67,-18.95161290322581
full_local6_20260921_220749,opencode,instance_qutebrowser__qutebrowser-f91ace96223cac8161c16dd061907e138fe85111-v059c6fdc75567943479b23ebca7c07b5e9a7f34c,True,,True,522302.0,357247,-31.601448970136047,15.0,14,-6.666666666666665,20.666666666666668,22,6.451612903225801,123.0,131,6.5040650406503975
full_local6_20260921_220749,opencode,instance_qutebrowser__qutebrowser-fcfa069a06ade76d91bac38127f3235c13d78eb1-v5fc38aaf22415ab0b70567368332beee7955b367,True,,True,883806.0,1331814,50.690762452393386,18.0,27,50.0,25.0,27,8.000000000000007,98.0,101,3.0612244897959107
full_local6_20260921_220749,codex,instance_ansible__ansible-0fd88717c953b92ed8a50495d55e630eb5d59166-vba6da65a0f3baefda7a058ebbd0a8dcafb8512f5,True,,True,572094.333333,458864,-19.79224871418046,19.333333333333332,16,-17.24137931034482,14.0,12,-14.28571428571429,125.33333333333333,136,8.510638297872353
full_local6_20260921_220749,codex,instance_ansible__ansible-11c1777d56664b1acb56b387a1ad6aeadef1391d-v0f01c69f1e2528b935359cfe578530722bca2c59,True,,True,445348.333333,414345,-6.96159186247991,16.333333333333332,15,-8.163265306122447,13.0,15,15.384615384615374,129.33333333333334,99,-23.453608247422686
full_local6_20260921_220749,codex,instance_ansible__ansible-12734fa21c08a0ce8c84e533abdc560db2eb1955-v7eee2454f617569fd6889f2211f75bc02a35f9f8,True,,True,598348.666667,358006,-40.16766144157856,23.333333333333332,18,-22.857142857142854,21.333333333333332,15,-29.6875,37.0,51,37.83783783783783
full_local6_20260921_220749,codex,instance_ansible__ansible-164881d871964aa64e0f911d03ae270acbad253c-v390e508d27db7a51eece36bb6d9698b63a5b638a,True,,True,427013.666667,244705,-42.693871624762444,17.333333333333332,12,-30.76923076923076,12.666666666666666,10,-21.052631578947366,66.0,73,10.606060606060597
full_local6_20260921_220749,codex,instance_ansible__ansible-189fcb37f973f0b1d52b555728208eeb9a6fce83-v906c969b551b346ef54a2c0b41e04f632b7b73c2,True,,True,725098.666667,614090,-15.30945673604176,22.0,19,-13.636363636363635,15.666666666666666,12,-23.404255319148938,169.0,158,-6.508875739644971
full_local6_20260921_220749,codex,instance_ansible__ansible-1a4644ff15355fd696ac5b9d074a566a80fe7ca3-v30a923fb5c164d6cd18280c02422f75e611e8fb2,True,,True,729615.0,719326,-1.410195788189661,22.0,22,0.0,13.0,13,0.0,189.66666666666666,214,12.82952548330405
full_local6_20260921_220749,codex,instance_ansible__ansible-1b70260d5aa2f6c9782fd2b848e8d16566e50d85-vba6da65a0f3baefda7a058ebbd0a8dcafb8512f5,True,,True,1072465.666667,608917,-43.22270456522983,27.333333333333332,22,-19.512195121951216,28.0,14,-50.0,64.33333333333333,68,5.699481865284972
full_local6_20260921_220749,codex,instance_ansible__ansible-29aea9ff3466e4cd2ed00524b9e56738d568ce8b-vba6da65a0f3baefda7a058ebbd0a8dcafb8512f5,True,,True,449869.0,493812,9.767954671248734,20.0,18,-9.999999999999998,14.333333333333334,20,39.53488372093024,169.0,145,-14.201183431952657
full_local6_20260921_220749,codex,instance_ansible__ansible-34db57a47f875d11c4068567b9ec7ace174ec4cf-v1055803c3a812189a1133297f7f5468579283f86,True,,False,573049.666667,503959,-12.056662918739425,19.0,20,5.263157894736836,13.666666666666666,11,-19.512195121951216,47.333333333333336,71,50.0
full_local6_20260921_220749,codex,instance_ansible__ansible-379058e10f3dbc0fdcaf80394bd09b18927e7d33-v1055803c3a812189a1133297f7f5468579283f86,True,,True,484069.0,412807,-14.721454999184003,18.666666666666668,15,-19.64285714285715,11.333333333333334,9,-20.588235294117652,83.33333333333333,45,-46.0
full_local6_20260921_220749,codex,instance_ansible__ansible-39bd8b99ec8c6624207bf3556ac7f9626dad9173-v1055803c3a812189a1133297f7f5468579283f86,True,,True,445558.0,480977,7.949357883822095,17.666666666666668,19,7.547169811320753,15.0,12,-19.999999999999996,102.33333333333333,109,6.514657980456029
full_local6_20260921_220749,codex,instance_ansible__ansible-3db08adbb1cc6aa9941be5e0fc810132c6e1fa4b-vba6da65a0f3baefda7a058ebbd0a8dcafb8512f5,True,,False,384139.0,255486,-33.491262277456855,18.0,13,-27.77777777777778,12.333333333333334,9,-27.027027027027028,50.0,27,-46.0
full_local6_20260921_220749,codex,instance_ansible__ansible-415e08c2970757472314e515cb63a51ad825c45e-v7eee2454f617569fd6889f2211f75bc02a35f9f8,True,,True,514794.0,520648,1.1371538906824963,21.0,25,19.047619047619047,16.666666666666668,15,-10.000000000000009,113.0,127,12.389380530973447
full_local6_20260921_220749,codex,instance_ansible__ansible-42355d181a11b51ebfc56f6f4b3d9c74e01cb13b-v1055803c3a812189a1133297f7f5468579283f86,True,,True,844619.0,878245,3.9812033591477336,24.0,22,-8.333333333333337,17.0,28,64.70588235294117,106.66666666666667,98,-8.125000000000004
full_local6_20260921_220749,codex,instance_ansible__ansible-4c5ce5a1a9e79a845aff4978cfeb72a0d4ecf7d6-v1055803c3a812189a1133297f7f5468579283f86,True,,True,655067.333333,892976,36.3182003682758,20.333333333333332,24,18.032786885245898,18.0,36,100.0,922.0,1347,46.09544468546638
full_local6_20260921_220749,codex,instance_ansible__ansible-502270c804c33d3bc963930dc85e0f4ca359674d-v7eee2454f617569fd6889f2211f75bc02a35f9f8,True,,True,417737.666667,320756,-23.21592578442514,17.333333333333332,16,-7.692307692307687,13.0,11,-15.384615384615385,164.66666666666666,36,-78.13765182186233
full_local6_20260921_220749,codex,instance_ansible__ansible-5e369604e1930b1a2e071fecd7ec5276ebd12cb1-v0f01c69f1e2528b935359cfe578530722bca2c59,True,,True,959871.0,913767,-4.803145422666166,22.666666666666668,22,-2.941176470588236,20.333333333333332,24,18.032786885245898,94.33333333333333,123,30.388692579505317
full_local6_20260921_220749,codex,instance_ansible__ansible-5e88cd9972f10b66dd97e1ee684c910c6a2dd25e-v906c969b551b346ef54a2c0b41e04f632b7b73c2,True,,True,446666.666667,411482,-7.877164179173224,18.333333333333332,17,-7.2727272727272645,11.333333333333334,12,5.882352941176472,226.33333333333334,247,9.131075110456543
full_local6_20260921_220749,codex,instance_ansible__ansible-622a493ae03bd5e5cf517d336fc426e9d12208c7-v906c969b551b346ef54a2c0b41e04f632b7b73c2,True,,True,561688.666667,593337,5.63449740241293,18.333333333333332,20,9.090909090909104,16.666666666666668,18,7.999999999999985,267.0,217,-18.726591760299627
full_local6_20260921_220749,codex,instance_ansible__ansible-77658704217d5f166404fc67997203c25381cb6e-v390e508d27db7a51eece36bb6d9698b63a5b638a,True,,True,474042.0,315074,-33.5345813240177,17.333333333333332,13,-25.0,12.666666666666666,9,-28.947368421052634,128.33333333333334,150,16.883116883116877
full_local6_20260921_220749,codex,instance_ansible__ansible-7e1a347695c7987ae56ef1b6919156d9254010ad-v390e508d27db7a51eece36bb6d9698b63a5b638a,True,,True,690107.0,536003,-22.330450205547837,22.333333333333332,20,-10.447761194029848,15.333333333333334,15,-2.1739130434782594,458.6666666666667,470,2.470930232558133
full_local6_20260921_220749,codex,instance_ansible__ansible-8127abbc298cabf04aaa89a478fc5e5e3432a6fc-v30a923fb5c164d6cd18280c02422f75e611e8fb2,True,,True,766181.666667,779443,1.7308340710746384,21.666666666666668,22,1.538461538461533,15.333333333333334,13,-15.217391304347828,317.6666666666667,328,3.2528856243441595
full_local6_20260921_220749,codex,instance_ansible__ansible-83909bfa22573777e3db5688773bda59721962ad-vba6da65a0f3baefda7a058ebbd0a8dcafb8512f5,True,,True,1007735.666667,579910,-42.45415547134469,25.666666666666668,16,-37.66233766233766,21.0,15,-28.57142857142857,211.0,214,1.4218009478673022
full_local6_20260921_220749,codex,instance_ansible__ansible-83fb24b923064d3576d473747ebbe62e4535c9e3-vba6da65a0f3baefda7a058ebbd0a8dcafb8512f5,True,,True,434550.0,472355,8.699804395351517,19.666666666666668,21,6.779661016949157,13.0,16,23.076923076923084,58.0,66,13.793103448275868
full_local6_20260921_220749,codex,instance_ansible__ansible-9142be2f6cabbe6597c9254c5bb9186d17036d55-v0f01c69f1e2528b935359cfe578530722bca2c59,True,,False,420629.0,567263,34.860649170646816,16.0,21,31.25,12.666666666666666,14,10.526315789473696,83.66666666666667,52,-37.84860557768924
full_local6_20260921_220749,codex,instance_ansible__ansible-942424e10b2095a173dbd78e7128f52f7995849b-v30a923fb5c164d6cd18280c02422f75e611e8fb2,True,,True,737321.333333,501760,-31.94825955573054,22.333333333333332,16,-28.358208955223873,15.0,9,-40.0,161.66666666666666,168,3.9175257731958846
full_local6_20260921_220749,codex,instance_ansible__ansible-949c503f2ef4b2c5d668af0492a5c0db1ab86140-v0f01c69f1e2528b935359cfe578530722bca2c59,True,,True,1455002.666667,1549477,6.493069428485243,32.333333333333336,35,8.247422680412363,21.333333333333332,19,-10.9375,188.33333333333334,211,12.0353982300885
full_local6_20260921_220749,codex,instance_ansible__ansible-9a21e247786ebd294dafafca1105fcd770ff46c6-v67cdaa49f89b34e42b69d5b7830b3c3ad3d8803f,True,,True,452052.333333,270692,-40.11932246778221,18.333333333333332,15,-18.181818181818176,10.666666666666666,11,3.125,106.33333333333333,123,15.673981191222586
full_local6_20260921_220749,codex,instance_ansible__ansible-a02e22e902a69aeb465f16bf03f7f5a91b2cb828-vba6da65a0f3baefda7a058ebbd0a8dcafb8512f5,True,,True,1036642.0,1169677,12.83326355675345,23.666666666666668,23,-2.8169014084507116,21.666666666666668,16,-26.15384615384616,31.333333333333332,58,85.10638297872342
full_local6_20260921_220749,codex,instance_ansible__ansible-a20a52701402a12f91396549df04ac55809f68e9-v1055803c3a812189a1133297f7f5468579283f86,True,,False,605345.0,469629,-22.41961195681801,20.333333333333332,17,-16.393442622950815,13.333333333333334,12,-10.000000000000009,74.33333333333333,40,-46.18834080717489
full_local6_20260921_220749,codex,instance_ansible__ansible-a26c325bd8f6e2822d9d7e62f77a424c1db4fbf6-v0f01c69f1e2528b935359cfe578530722bca2c59,True,,True,858501.666667,560911,-34.663959107074284,22.666666666666668,16,-29.41176470588236,14.0,20,42.85714285714286,54.333333333333336,63,15.95092024539877
full_local6_20260921_220749,codex,instance_ansible__ansible-a6e671db25381ed111bbad0ab3e7d97366395d05-v0f01c69f1e2528b935359cfe578530722bca2c59,True,,True,217166.333333,331382,52.59363406567408,13.0,17,30.76923076923077,7.333333333333333,9,22.72727272727273,74.33333333333333,58,-21.973094170403584
full_local6_20260921_220749,codex,instance_ansible__ansible-b6290e1d156af608bd79118d209a64a051c55001-v390e508d27db7a51eece36bb6d9698b63a5b638a,True,,True,958673.666667,582230,-39.26713330676679,27.0,20,-25.92592592592593,18.666666666666668,11,-41.07142857142857,713.3333333333334,222,-68.87850467289721
full_local6_20260921_220749,codex,instance_ansible__ansible-b748edea457a4576847a10275678127895d2f02f-v1055803c3a812189a1133297f7f5468579283f86,True,,True,1136354.666667,1210579,6.531792890920651,29.666666666666668,28,-5.61797752808989,19.666666666666668,27,37.28813559322033,152.66666666666666,176,15.283842794759828
full_local6_20260921_220749,codex,instance_ansible__ansible-be2c376ab87e3e872ca21697508f12c6909cf85a-vba6da65a0f3baefda7a058ebbd0a8dcafb8512f5,True,,True,342350.333333,288447,-15.745079845027899,17.333333333333332,16,-7.692307692307687,11.666666666666666,14,19.999999999999996,106.0,89,-16.0377358490566
full_local6_20260921_220749,codex,instance_ansible__ansible-be59caa59bf47ca78a4760eb7ff38568372a8260-v1055803c3a812189a1133297f7f5468579283f86,True,,True,424874.333333,482598,13.586056426185289,19.0,20,5.263157894736836,12.666666666666666,15,18.42105263157896,70.66666666666667,55,-22.169811320754718
full_local6_20260921_220749,codex,instance_ansible__ansible-c1f2df47538b884a43320f53e787197793b105e8-v906c969b551b346ef54a2c0b41e04f632b7b73c2,True,,False,538558.333333,830279,54.166958082630586,19.333333333333332,27,39.6551724137931,16.333333333333332,21,28.57142857142858,752.0,316,-57.97872340425532
full_local6_20260921_220749,codex,instance_ansible__ansible-c616e54a6e23fa5616a1d56d243f69576164ef9b-v1055803c3a812189a1133297f7f5468579283f86,True,,True,1185830.666667,1346504,13.549433139944234,26.666666666666668,30,12.5,22.0,25,13.636363636363647,2245.0,2254,0.4008908685968926
full_local6_20260921_220749,codex,instance_ansible__ansible-cb94c0cc550df9e98f1247bc71d8c2b861c75049-v1055803c3a812189a1133297f7f5468579283f86,True,,False,616100.333333,375528,-39.04759019225713,19.666666666666668,14,-28.8135593220339,18.333333333333332,11,-39.99999999999999,35.0,20,-42.85714285714286
full_local6_20260921_220749,codex,instance_ansible__ansible-cd473dfb2fdbc97acf3293c134b21cbbcfa89ec3-vba6da65a0f3baefda7a058ebbd0a8dcafb8512f5,True,,True,619083.666667,446478,-27.88083032399613,20.666666666666668,17,-17.741935483870975,15.666666666666666,15,-4.255319148936165,46.333333333333336,59,27.338129496402864
full_local6_20260921_220749,codex,instance_ansible__ansible-cd9c4eb5a6b2bfaf4a6709f001ce3d0c92c1eed2-v0f01c69f1e2528b935359cfe578530722bca2c59,True,,True,751898.666667,558900,-25.66817514420132,19.666666666666668,18,-8.474576271186452,11.666666666666666,10,-14.28571428571428,49.0,67,36.73469387755102
full_local6_20260921_220749,codex,instance_ansible__ansible-d2f80991180337e2be23d6883064a67dcbaeb662-vba6da65a0f3baefda7a058ebbd0a8dcafb8512f5,True,,True,1077019.0,789699,-26.67733809709949,26.0,18,-30.76923076923077,21.666666666666668,20,-7.692307692307699,221.66666666666666,237,6.917293233082722
full_local6_20260921_220749,codex,instance_ansible__ansible-d30fc6c0b359f631130b0e979d9a78a7b3747d48-v1055803c3a812189a1133297f7f5468579283f86,True,,True,1048483.333333,1526197,45.562351968763,26.666666666666668,27,1.2499999999999956,15.0,16,6.666666666666665,106.66666666666667,102,-4.375000000000007
full_local6_20260921_220749,codex,instance_ansible__ansible-d62496fe416623e88b90139dc7917080cb04ce70-v0f01c69f1e2528b935359cfe578530722bca2c59,True,,True,226072.0,243151,7.554672847588373,14.0,18,28.57142857142858,8.666666666666666,8,-7.692307692307687,65.33333333333333,93,42.34693877551021
full_local6_20260921_220749,codex,instance_ansible__ansible-d72025be751c894673ba85caa063d835a0ad3a8c-v390e508d27db7a51eece36bb6d9698b63a5b638a,True,,True,703698.333333,2239286,218.21675481222695,22.0,45,104.54545454545455,21.0,17,-19.047619047619047,773.6666666666666,757,-2.154243860404992
full_local6_20260921_220749,codex,instance_ansible__ansible-d9f1866249756efc264b00ff7497e92c11a9885f-v0f01c69f1e2528b935359cfe578530722bca2c59,True,,True,413341.333333,284565,-31.154961516818346,18.0,14,-22.22222222222222,13.666666666666666,9,-34.14634146341463,31.333333333333332,44,40.42553191489362
full_local6_20260921_220749,codex,instance_ansible__ansible-de01db08d00c8d2438e1ba5989c313ba16a145b0-vba6da65a0f3baefda7a058ebbd0a8dcafb8512f5,True,,True,496835.333333,451964,-9.031429594989238,20.0,20,0.0,15.666666666666666,11,-29.78723404255319,45.666666666666664,56,22.62773722627738
full_local6_20260921_220749,codex,instance_ansible__ansible-deb54e4c5b32a346f1f0b0a14f1c713d2cc2e961-vba6da65a0f3baefda7a058ebbd0a8dcafb8512f5,True,,True,1189399.666667,1001925,-15.762125374757463,28.333333333333332,26,-8.23529411764705,20.333333333333332,17,-16.393442622950815,55.666666666666664,58,4.191616766467066
full_local6_20260921_220749,codex,instance_ansible__ansible-e0c91af45fa9af575d10fd3e724ebc59d2b2d6ac-v30a923fb5c164d6cd18280c02422f75e611e8fb2,True,,True,174647.333333,117671,-32.6236491824145,11.666666666666666,11,-5.714285714285705,5.333333333333333,5,-6.25,9.0,18,100.0
full_local6_20260921_220749,codex,instance_ansible__ansible-e40889e7112ae00a21a2c74312b330e67a766cc0-v1055803c3a812189a1133297f7f5468579283f86,True,,True,912392.333333,1252481,37.274388905115494,22.333333333333332,28,25.373134328358216,24.666666666666668,30,21.62162162162162,847.0,592,-30.106257378984647
full_local6_20260921_220749,codex,instance_ansible__ansible-e9e6001263f51103e96e58ad382660df0f3d0e39-v30a923fb5c164d6cd18280c02422f75e611e8fb2,True,,True,520864.666667,477115,-8.399430690308296,19.666666666666668,16,-18.644067796610177,9.333333333333334,12,28.57142857142856,216.66666666666666,218,0.6153846153846176
full_local6_20260921_220749,codex,instance_ansible__ansible-ea04e0048dbb3b63f876aad7020e1de8eee9f362-v1055803c3a812189a1133297f7f5468579283f86,True,,True,867320.0,950443,9.583890605543521,25.0,26,4.0000000000000036,22.0,13,-40.90909090909091,386.6666666666667,167,-56.8103448275862
full_local6_20260921_220749,codex,instance_ansible__ansible-ed6581e4db2f1bec5a772213c3e186081adc162d-v0f01c69f1e2528b935359cfe578530722bca2c59,True,,True,404476.0,361257,-10.685182804418558,18.333333333333332,19,3.6363636363636376,8.666666666666666,6,-30.76923076923076,39.666666666666664,73,84.03361344537817
full_local6_20260921_220749,codex,instance_ansible__ansible-f327e65d11bb905ed9f15996024f857a95592629-vba6da65a0f3baefda7a058ebbd0a8dcafb8512f5,True,,True,426531.666667,428333,0.4223211249649861,17.333333333333332,17,-1.9230769230769162,9.666666666666666,7,-27.586206896551722,12.666666666666666,17,34.210526315789465
full_local6_20260921_220749,codex,instance_ansible__ansible-f8ef34672b961a95ec7282643679492862c688ec-vba6da65a0f3baefda7a058ebbd0a8dcafb8512f5,True,,True,886148.333333,1116956,26.046166085860744,21.666666666666668,27,24.615384615384617,16.0,29,81.25,52.0,60,15.384615384615374
full_local6_20260921_220749,codex,instance_internetarchive__openlibrary-00bec1e7c8f3272c469a58e1377df03f955ed478-v13642507b4fc1f8d234172bf8129942da2c2ca26,True,,True,465417.666667,670133,43.985294928538046,17.333333333333332,19,9.615384615384626,10.333333333333334,19,83.87096774193547,95.0,107,12.631578947368416
full_local6_20260921_220749,codex,instance_internetarchive__openlibrary-09865f5fb549694d969f0a8e49b9d204ef1853ca-ve8c8d62a2b60610a3c4631f5f23ed866bada9818,True,,True,442374.333333,263746,-40.37945239434505,18.333333333333332,15,-18.181818181818176,8.0,4,-50.0,71.33333333333333,72,0.9345794392523477
full_local6_20260921_220749,codex,instance_internetarchive__openlibrary-1351c59fd43689753de1fca32c78d539a116ffc1-v29f82c9cf21d57b242f8d8b0e541525d259e2d63,True,,True,603280.666667,672610,11.492052897373629,21.666666666666668,24,10.769230769230752,13.666666666666666,17,24.390243902439025,59.666666666666664,75,25.698324022346377
full_local6_20260921_220749,codex,instance_internetarchive__openlibrary-308a35d6999427c02b1dbf5211c033ad3b352556-ve8c8d62a2b60610a3c4631f5f23ed866bada9818,True,,False,702753.666667,360113,-48.75686644113383,27.0,15,-44.44444444444444,16.333333333333332,10,-38.775510204081634,237.66666666666666,19,-92.00561009817672
full_local6_20260921_220749,codex,instance_internetarchive__openlibrary-322d7a46cdc965bfabbf9500e98fde098c9d95b2-v13642507b4fc1f8d234172bf8129942da2c2ca26,True,,True,664724.666667,1288999,93.91472358971988,22.666666666666668,29,27.941176470588225,18.666666666666668,23,23.214285714285698,537.0,490,-8.752327746741152
full_local6_20260921_220749,codex,instance_internetarchive__openlibrary-53d376b148897466bb86d5accb51912bbbe9a8ed-v08d8e8889ec945ab821fb156c04c7d2e2810debb,True,,False,674498.0,857247,27.094075890514134,21.333333333333332,24,12.5,13.666666666666666,19,39.02439024390245,71.33333333333333,49,-31.308411214953267
full_local6_20260921_220749,codex,instance_internetarchive__openlibrary-5fb312632097be7e9ac6ab657964af115224d15d-v0f5aece3601a5b4419f7ccec1dbda2071be28ee4,True,,True,1085022.333333,1072096,-1.191342605206347,27.333333333333332,27,-1.2195121951219523,19.0,24,26.315789473684205,94.0,93,-1.0638297872340385
full_local6_20260921_220749,codex,instance_internetarchive__openlibrary-60725705782832a2cb22e17c49697948a42a9d03-v298a7a812ceed28c4c18355a091f1b268fe56d86,True,,True,322611.666667,192164,-40.43488817831506,15.666666666666666,13,-17.021276595744684,12.666666666666666,10,-21.052631578947366,13.333333333333334,21,57.49999999999999
full_local6_20260921_220749,codex,instance_internetarchive__openlibrary-6fdbbeee4c0a7e976ff3e46fb1d36f4eb110c428-v08d8e8889ec945ab821fb156c04c7d2e2810debb,True,,True,626570.333333,1217077,94.24427478489739,20.666666666666668,32,54.83870967741935,19.666666666666668,32,62.71186440677965,290.0,269,-7.241379310344831
full_local6_20260921_220749,codex,instance_internetarchive__openlibrary-72321288ea790a3ace9e36f1c05b68c93f7eec43-v0f5aece3601a5b4419f7ccec1dbda2071be28ee4,True,,True,370876.666667,354593,-4.390588066199552,16.666666666666668,19,13.99999999999999,10.333333333333334,11,6.451612903225801,43.666666666666664,36,-17.557251908396942
full_local6_20260921_220749,codex,instance_internetarchive__openlibrary-757fcf46c70530739c150c57b37d6375f155dc97-ve8c8d62a2b60610a3c4631f5f23ed866bada9818,True,,True,441769.333333,574136,29.962846372413022,18.333333333333332,20,9.090909090909104,9.333333333333334,10,7.14285714285714,177.33333333333334,202,13.909774436090228
full_local6_20260921_220749,codex,instance_internetarchive__openlibrary-77c16d530b4d5c0f33d68bead2c6b329aee9b996-ve8c8d62a2b60610a3c4631f5f23ed866bada9818,True,,False,874755.333333,1074167,22.796279035784785,23.333333333333332,29,24.28571428571429,17.0,17,0.0,178.0,149,-16.292134831460668
full_local6_20260921_220749,codex,instance_internetarchive__openlibrary-798a582540019363d14b2090755cc7b89a350788-v430f20c722405e462d9ef44dee7d34c41e76fe7a,True,,True,1179912.666667,1614584,36.83928019527525,30.0,30,0.0,18.0,23,27.777777777777768,219.66666666666666,272,23.823975720789072
full_local6_20260921_220749,codex,instance_internetarchive__openlibrary-7f7e53aa4cf74a4f8549a5bcd4810c527e2f6d7e-v13642507b4fc1f8d234172bf8129942da2c2ca26,True,,True,580770.666667,512484,-11.757940024569802,21.333333333333332,21,-1.5625,15.333333333333334,10,-34.78260869565217,31.0,51,64.51612903225808
full_local6_20260921_220749,codex,instance_internetarchive__openlibrary-8a9d9d323dfcf2a5b4f38d70b1108b030b20ebf3-v13642507b4fc1f8d234172bf8129942da2c2ca26,True,,False,579946.666667,496579,-14.375057476598785,18.666666666666668,18,-3.571428571428581,15.0,17,13.33333333333333,346.3333333333333,28,-91.91530317613089
full_local6_20260921_220749,codex,instance_internetarchive__openlibrary-92db3454aeaa02f89b4cdbc3103f7e95c9759f92-v2c55207218fb8a0138425cbf7d9675272e240b90,True,,True,553994.333333,348585,-37.077876247793796,19.333333333333332,16,-17.24137931034482,16.666666666666668,14,-16.000000000000004,10.0,39,290.0
full_local6_20260921_220749,codex,instance_internetarchive__openlibrary-9c392b60e2c6fa1d68cb68084b4b4ff04d0cb35c-v2d9a6c849c60ed19fd0858ce9e40b7cc8e097e59,True,,True,295286.666667,195575,-33.76775111198861,16.0,13,-18.75,10.333333333333334,8,-22.580645161290324,7.0,23,228.57142857142856
full_local6_20260921_220749,codex,instance_internetarchive__openlibrary-9cd47f4dc21e273320d9e30d889c864f8cb20ccf-v0f5aece3601a5b4419f7ccec1dbda2071be28ee4,True,,False,691367.666667,1678818,142.8256455922185,18.666666666666668,31,66.07142857142856,15.333333333333334,23,50.0,75.66666666666667,63,-16.74008810572688
full_local6_20260921_220749,codex,instance_internetarchive__openlibrary-a7b7dc5735a1b3a9824376b1b469b556dd413981-va4315b5dc369c1ef66ae22f9ae4267aa3114e1b3,True,,False,799877.0,981099,22.656233395884605,25.0,25,0.0,16.333333333333332,17,4.081632653061229,67.66666666666667,88,30.04926108374384
full_local6_20260921_220749,codex,instance_internetarchive__openlibrary-bb152d23c004f3d68986877143bb0f83531fe401-ve8c8d62a2b60610a3c4631f5f23ed866bada9818,True,,True,1388557.666667,1317630,-5.108010158285314,29.333333333333332,29,-1.1363636363636354,27.666666666666668,21,-24.096385542168676,677.6666666666666,699,3.1480570585341816
full_local6_20260921_220749,codex,instance_internetarchive__openlibrary-d40ec88713dc95ea791b252f92d2f7b75e107440-v13642507b4fc1f8d234172bf8129942da2c2ca26,True,,False,1147565.0,1377070,19.99930287173275,24.0,26,8.333333333333325,31.666666666666668,22,-30.526315789473692,306.3333333333333,139,-54.62459194776932
full_local6_20260921_220749,codex,instance_internetarchive__openlibrary-e010b2a13697de70170033902ba2e27a1e1acbe9-v0f5aece3601a5b4419f7ccec1dbda2071be28ee4,True,,True,527134.0,404100,-23.34017536338009,18.0,16,-11.111111111111116,17.0,10,-41.17647058823529,31.333333333333332,26,-17.021276595744684
full_local6_20260921_220749,codex,instance_internetarchive__openlibrary-e1e502986a3b003899a8347ac8a7ff7b08cbfc39-v08d8e8889ec945ab821fb156c04c7d2e2810debb,True,,True,1416334.0,1246885,-11.963915291167194,30.0,27,-9.999999999999998,23.666666666666668,20,-15.492957746478876,171.0,161,-5.847953216374268
full_local6_20260921_220749,codex,instance_internetarchive__openlibrary-fad4a40acf5ff5f06cd7441a5c7baf41a7d81fe4-vfa6ff903cb27f336e17654595dd900fa943dcd91,True,,True,328446.333333,349312,6.352838972278918,17.0,18,5.882352941176472,11.666666666666666,12,2.857142857142869,48.333333333333336,56,15.862068965517228
full_local6_20260921_220749,codex,instance_qutebrowser__qutebrowser-0833b5f6f140d04200ec91605f88704dd18e2970-v059c6fdc75567943479b23ebca7c07b5e9a7f34c,True,,True,212706.0,248994,17.060167555217063,12.0,15,25.0,8.666666666666666,7,-19.23076923076923,4.0,14,250.0
full_local6_20260921_220749,codex,instance_qutebrowser__qutebrowser-0fc6d1109d041c69a68a896db87cf1b8c194cef7-v2ef375ac784985212b1805e1d0431dc8f1b3c171,True,,False,1170286.0,1314020,12.281955009288325,28.333333333333332,29,2.352941176470602,20.666666666666668,20,-3.2258064516129115,116.0,113,-2.5862068965517238
full_local6_20260921_220749,codex,instance_qutebrowser__qutebrowser-16de05407111ddd82fa12e54389d532362489da9-v363c8a7e5ccdf6968fc7ab84a2053ac78036691d,True,,True,1374003.666667,1145518,-16.629189005095657,27.666666666666668,24,-13.253012048192769,16.0,17,6.25,132.33333333333334,103,-22.166246851385395
full_local6_20260921_220749,codex,instance_qutebrowser__qutebrowser-1a9e74bfaf9a9db2a510dc14572d33ded6040a57-v2ef375ac784985212b1805e1d0431dc8f1b3c171,True,,True,792205.666667,649632,-17.997052112343724,22.333333333333332,20,-10.447761194029848,14.333333333333334,13,-9.302325581395355,72.0,82,13.888888888888884
full_local6_20260921_220749,codex,instance_qutebrowser__qutebrowser-1af602b258b97aaba69d2585ed499d95e2303ac2-v2ef375ac784985212b1805e1d0431dc8f1b3c171,True,,True,568218.666667,470860,-17.134014135451892,20.666666666666668,22,6.451612903225801,6.666666666666667,10,50.0,12.666666666666666,32,152.63157894736844
full_local6_20260921_220749,codex,instance_qutebrowser__qutebrowser-21b426b6a20ec1cc5ecad770730641750699757b-v363c8a7e5ccdf6968fc7ab84a2053ac78036691d,True,,True,545610.666667,746925,36.89706701717896,21.0,22,4.761904761904767,10.666666666666666,10,-6.25,47.333333333333336,48,1.4084507042253502
full_local6_20260921_220749,codex,instance_qutebrowser__qutebrowser-233cb1cc48635130e5602549856a6fa4ab4c087f-v35616345bb8052ea303186706cec663146f0f184,True,,True,1071667.666667,1179869,10.0965380125275,28.0,29,3.571428571428581,18.0,17,-5.555555555555558,72.33333333333333,73,0.9216589861751112
full_local6_20260921_220749,codex,instance_qutebrowser__qutebrowser-2e961080a85d660148937ee8f0f6b3445a8f2c01-v363c8a7e5ccdf6968fc7ab84a2053ac78036691d,True,,True,758832.666667,879121,15.851760027851602,22.0,22,0.0,18.666666666666668,15,-19.64285714285715,62.666666666666664,65,3.7234042553191626
full_local6_20260921_220749,codex,instance_qutebrowser__qutebrowser-322834d0e6bf17e5661145c9f085b41215c280e8-v488d33dd1b2540b234cbb0468af6b6614941ce8f,True,,True,751733.666667,852329,13.3817783868873,22.666666666666668,20,-11.764705882352944,13.333333333333334,16,19.999999999999996,88.0,94,6.818181818181812
full_local6_20260921_220749,codex,instance_qutebrowser__qutebrowser-36ade4bba504eb96f05d32ceab9972df7eb17bcc-v2ef375ac784985212b1805e1d0431dc8f1b3c171,True,,True,387815.333333,401421,3.508284871067069,17.666666666666668,16,-9.433962264150953,10.333333333333334,9,-12.903225806451612,94.66666666666667,79,-16.549295774647888
full_local6_20260921_220749,codex,instance_qutebrowser__qutebrowser-394bfaed6544c952c6b3463751abab3176ad4997-vafb3e8e01b31319c66c4e666b8a3b1d8ba55db24,True,,True,814832.666667,1267220,55.5190472644463,21.666666666666668,29,33.84615384615384,19.0,22,15.789473684210531,653.3333333333334,663,1.479591836734695
full_local6_20260921_220749,codex,instance_qutebrowser__qutebrowser-44e64199ed38003253f0296badd4a447645067b6-v2ef375ac784985212b1805e1d0431dc8f1b3c171,True,,True,394836.0,436898,10.653030625373571,16.333333333333332,19,16.326530612244916,7.666666666666667,7,-8.695652173913048,80.0,86,7.499999999999996
full_local6_20260921_220749,codex,instance_qutebrowser__qutebrowser-46e6839e21d9ff72abb6c5d49d5abaa5a8da8a81-v2ef375ac784985212b1805e1d0431dc8f1b3c171,True,,True,537881.0,675947,25.668502884467003,18.666666666666668,19,1.7857142857142794,14.333333333333334,12,-16.279069767441868,69.33333333333333,58,-16.346153846153843
full_local6_20260921_220749,codex,instance_qutebrowser__qutebrowser-479aa075ac79dc975e2e949e188a328e95bf78ff-vc2f56a753b62a190ddb23cd330c257b9cf560d12,True,,True,517780.666667,543272,4.923191415602668,17.0,18,5.882352941176472,10.666666666666666,13,21.875,70.66666666666667,80,13.207547169811317
full_local6_20260921_220749,codex,instance_qutebrowser__qutebrowser-50efac08f623644a85441bbe02ab9347d2b71a9d-v9f8e9d96c85c85a605e382f1510bd08563afc566,True,,True,500285.333333,491455,-1.7650594060334757,16.0,19,18.75,8.0,8,0.0,47.0,55,17.021276595744684
full_local6_20260921_220749,codex,instance_qutebrowser__qutebrowser-52708364b5f91e198defb022d1a5b4b3ebd9b563-v2ef375ac784985212b1805e1d0431dc8f1b3c171,True,,True,1352813.333333,800559,-40.82265599588533,30.333333333333332,24,-20.879120879120872,24.333333333333332,21,-13.698630136986301,48.0,29,-39.583333333333336
full_local6_20260921_220749,codex,instance_qutebrowser__qutebrowser-5cef49ff3074f9eab1da6937a141a39a20828502-v02ad04386d5238fe2d1a1be450df257370de4b6a,True,,True,392850.333333,415551,5.778451675070295,16.333333333333332,19,16.326530612244916,11.333333333333334,16,41.17647058823528,84.0,93,10.71428571428572
full_local6_20260921_220749,codex,instance_qutebrowser__qutebrowser-5e0d6dc1483cb3336ea0e3dcbd4fe4aa00fc1742-v5149fcda2a9a6fe1d35dfed1bade1444a11ef271,True,,True,611055.333333,627636,2.7134476638246197,19.333333333333332,22,13.793103448275868,16.0,18,12.5,54.0,84,55.55555555555556
full_local6_20260921_220749,codex,instance_qutebrowser__qutebrowser-5fdc83e5da6222fe61163395baaad7ae57fa2cb4-v363c8a7e5ccdf6968fc7ab84a2053ac78036691d,True,,True,634324.333333,817909,28.941766383510938,22.666666666666668,23,1.4705882352941124,12.666666666666666,12,-5.263157894736836,117.0,132,12.82051282051282
full_local6_20260921_220749,codex,instance_qutebrowser__qutebrowser-6b320dc18662580e1313d2548fdd6231d2a97e6d-v363c8a7e5ccdf6968fc7ab84a2053ac78036691d,True,,True,293990.333333,243084,-17.315648700373732,17.0,16,-5.882352941176472,5.0,5,0.0,19.666666666666668,34,72.88135593220338
full_local6_20260921_220749,codex,instance_qutebrowser__qutebrowser-7b603dd6bf195e3e723ce08ff64a82b406e3f6b6-v9f8e9d96c85c85a605e382f1510bd08563afc566,True,,True,339604.0,341805,0.6481077961390413,16.666666666666668,14,-16.000000000000004,8.666666666666666,9,3.8461538461538547,69.66666666666667,71,1.9138755980861122
full_local6_20260921_220749,codex,instance_qutebrowser__qutebrowser-7f9713b20f623fc40473b7167a082d6db0f0fd40-va0fd88aac89cde702ec1ba84877234da33adce8a,True,,True,558496.666667,509723,-8.73302735324668,17.666666666666668,16,-9.433962264150953,15.333333333333334,13,-15.217391304347828,107.33333333333333,117,9.006211180124236
full_local6_20260921_220749,codex,instance_qutebrowser__qutebrowser-85b867fe8d4378c8e371f055c70452f546055854-v2ef375ac784985212b1805e1d0431dc8f1b3c171,True,,True,753216.666667,696607,-7.515721461329184,23.333333333333332,23,-1.4285714285714235,16.333333333333332,14,-14.28571428571428,46.666666666666664,67,43.57142857142857
full_local6_20260921_220749,codex,instance_qutebrowser__qutebrowser-8cd06741bb56cdca49f5cdc0542da97681154315-v5149fcda2a9a6fe1d35dfed1bade1444a11ef271,True,,True,956164.0,874125,-8.58001347049251,22.666666666666668,19,-16.176470588235304,15.0,12,-19.999999999999996,79.33333333333333,90,13.4453781512605
full_local6_20260921_220749,codex,instance_qutebrowser__qutebrowser-8d05f0282a271bfd45e614238bd1b555c58b3fc1-v35616345bb8052ea303186706cec663146f0f184,True,,True,662302.666667,557918,-15.760870659378412,22.0,20,-9.090909090909093,11.333333333333334,10,-11.764705882352944,50.666666666666664,48,-5.263157894736836
full_local6_20260921_220749,codex,instance_qutebrowser__qutebrowser-8f46ba3f6dc7b18375f7aa63c48a1fe461190430-v2ef375ac784985212b1805e1d0431dc8f1b3c171,True,,True,531207.0,593258,11.681133719999925,19.666666666666668,18,-8.474576271186452,11.333333333333334,7,-38.235294117647065,89.0,74,-16.85393258426966
full_local6_20260921_220749,codex,instance_qutebrowser__qutebrowser-996487c43e4fcc265b541f9eca1e7930e3c5cf05-v2ef375ac784985212b1805e1d0431dc8f1b3c171,True,,True,616471.666667,747489,21.252774525933194,19.0,20,5.263157894736836,13.0,10,-23.076923076923073,33.666666666666664,62,84.15841584158417
full_local6_20260921_220749,codex,instance_qutebrowser__qutebrowser-a25e8a09873838ca9efefd36ea8a45170bbeb95c-vc2f56a753b62a190ddb23cd330c257b9cf560d12,True,,True,439408.333333,414369,-5.698420224093537,17.666666666666668,16,-9.433962264150953,12.333333333333334,10,-18.918918918918926,64.0,73,14.0625
full_local6_20260921_220749,codex,instance_qutebrowser__qutebrowser-cf06f4e3708f886032d4d2a30108c2fddb042d81-v2ef375ac784985212b1805e1d0431dc8f1b3c171,True,,True,545086.333333,405451,-25.61710407949176,18.333333333333332,17,-7.2727272727272645,11.333333333333334,11,-2.941176470588236,75.0,83,10.666666666666668
full_local6_20260921_220749,codex,instance_qutebrowser__qutebrowser-de4a1c1a2839b5b49c3d4ce21d39de48d24e2091-v2ef375ac784985212b1805e1d0431dc8f1b3c171,True,,True,818274.666667,1080513,32.04771502961839,24.333333333333332,29,19.17808219178083,12.333333333333334,14,13.513513513513509,436.6666666666667,451,3.2824427480915963
full_local6_20260921_220749,codex,instance_qutebrowser__qutebrowser-deeb15d6f009b3ca0c3bd503a7cef07462bd16b4-v363c8a7e5ccdf6968fc7ab84a2053ac78036691d,True,,True,557337.333333,678604,21.758217046361985,24.333333333333332,26,6.849315068493156,12.0,12,0.0,35.666666666666664,31,-13.0841121495327
full_local6_20260921_220749,codex,instance_qutebrowser__qutebrowser-e57b6e0eeeb656eb2c84d6547d5a0a7333ecee85-v2ef375ac784985212b1805e1d0431dc8f1b3c171,True,,True,437571.666667,355884,-18.66840860360499,18.0,17,-5.555555555555558,11.666666666666666,12,2.857142857142869,54.333333333333336,69,26.993865030674847
full_local6_20260921_220749,codex,instance_qutebrowser__qutebrowser-e64622cd2df5b521342cf4a62e0d4cb8f8c9ae5a-v363c8a7e5ccdf6968fc7ab84a2053ac78036691d,True,,True,391480.333333,550536,40.629286613921536,18.333333333333332,21,14.54545454545455,8.333333333333334,9,7.999999999999985,42.666666666666664,66,54.6875
full_local6_20260921_220749,codex,instance_qutebrowser__qutebrowser-e70f5b03187bdd40e8bf70f5f3ead840f52d1f42-v02ad04386d5238fe2d1a1be450df257370de4b6a,True,,True,617476.0,522315,-15.411287240313797,19.333333333333332,16,-17.24137931034482,15.333333333333334,9,-41.30434782608696,71.33333333333333,88,23.364485981308427
full_local6_20260921_220749,codex,instance_qutebrowser__qutebrowser-ebfe9b7aa0c4ba9d451f993e08955004aaec4345-v059c6fdc75567943479b23ebca7c07b5e9a7f34c,True,,True,774841.333333,624867,-19.355489553955707,27.0,20,-25.92592592592593,21.666666666666668,14,-35.384615384615394,394.0,400,1.522842639593902
full_local6_20260921_220749,codex,instance_qutebrowser__qutebrowser-ef5ba1a0360b39f9eff027fbdc57f363597c3c3b-v363c8a7e5ccdf6968fc7ab84a2053ac78036691d,True,,True,1128639.666667,904807,-19.832075132358497,24.666666666666668,19,-22.972972972972972,21.0,16,-23.809523809523814,81.33333333333333,89,9.426229508196737
full_local6_20260921_220749,codex,instance_qutebrowser__qutebrowser-f91ace96223cac8161c16dd061907e138fe85111-v059c6fdc75567943479b23ebca7c07b5e9a7f34c,True,,True,422604.333333,393389,-6.913164638560199,17.666666666666668,16,-9.433962264150953,12.0,9,-25.0,123.0,131,6.5040650406503975
full_local6_20260921_220749,codex,instance_qutebrowser__qutebrowser-fd6790fe8c02b144ab2464f1fc8ab3d02ce3c476-v2ef375ac784985212b1805e1d0431dc8f1b3c171,True,,True,1070944.333333,1360962,27.08055476276765,29.0,32,10.344827586206895,24.0,24,0.0,175.66666666666666,181,3.0360531309298056
full_local6_20260921_220749,codex,instance_qutebrowser__qutebrowser-fea33d607fde83cf505b228238cf365936437a63-v9f8e9d96c85c85a605e382f1510bd08563afc566,True,,True,344718.666667,379103,9.974607312523487,13.666666666666666,15,9.756097560975618,10.333333333333334,8,-22.580645161290324,14.333333333333334,31,116.27906976744184
full_relational6_20260922_130906,swe-agent,instance_ansible__ansible-0ea40e09d1b35bcb69ff4d9cecf3d0defa4b36e8-v30a923fb5c164d6cd18280c02422f75e611e8fb2,False,mutation_used_as_final_patch,True,55136.666667,33608,-39.04600689233392,12.0,8,-33.333333333333336,4.666666666666667,4,-14.28571428571429,4.666666666666667,18,285.71428571428567
full_relational6_20260922_130906,swe-agent,instance_ansible__ansible-0fd88717c953b92ed8a50495d55e630eb5d59166-vba6da65a0f3baefda7a058ebbd0a8dcafb8512f5,False,mutation_used_as_final_patch,False,390961.0,2226,-99.43063374607698,22.333333333333332,3,-86.56716417910448,14.666666666666666,0,-100.0,90.66666666666667,30,-66.91176470588236
full_relational6_20260922_130906,swe-agent,instance_ansible__ansible-185d41031660a676c43fbb781cd1335902024bfe-vba6da65a0f3baefda7a058ebbd0a8dcafb8512f5,False,mutation_used_as_final_patch,False,373082.333333,1590,-99.57382061332268,22.0,3,-86.36363636363636,14.0,0,-100.0,68.0,9,-86.76470588235294
full_relational6_20260922_130906,swe-agent,instance_ansible__ansible-1a4644ff15355fd696ac5b9d074a566a80fe7ca3-v30a923fb5c164d6cd18280c02422f75e611e8fb2,True,,True,217490.0,381262,75.30093337624719,18.0,24,33.33333333333333,11.0,13,18.181818181818187,113.0,46,-59.29203539823009
full_relational6_20260922_130906,swe-agent,instance_ansible__ansible-29aea9ff3466e4cd2ed00524b9e56738d568ce8b-vba6da65a0f3baefda7a058ebbd0a8dcafb8512f5,True,,False,240788.333333,245178,1.8230395992355986,19.333333333333332,18,-6.896551724137923,9.0,11,22.222222222222232,51.666666666666664,59,14.193548387096788
full_relational6_20260922_130906,swe-agent,instance_ansible__ansible-379058e10f3dbc0fdcaf80394bd09b18927e7d33-v1055803c3a812189a1133297f7f5468579283f86,False,mutation_used_as_final_patch,True,110859.666667,1969,-98.22388064189795,14.333333333333334,3,-79.06976744186048,8.333333333333334,0,-100.0,18.0,11,-38.888888888888886
full_relational6_20260922_130906,swe-agent,instance_ansible__ansible-502270c804c33d3bc963930dc85e0f4ca359674d-v7eee2454f617569fd6889f2211f75bc02a35f9f8,False,mutation_used_as_final_patch,False,222832.0,8104,-96.36317943562864,17.333333333333332,5,-71.15384615384615,11.666666666666666,1,-91.42857142857143,163.66666666666666,17,-89.61303462321793
full_relational6_20260922_130906,swe-agent,instance_ansible__ansible-5260527c4a71bfed99d803e687dd19619423b134-vba6da65a0f3baefda7a058ebbd0a8dcafb8512f5,True,,False,319850.666667,281995,-11.835419028972016,24.0,21,-12.5,13.666666666666666,16,17.073170731707332,20.333333333333332,30,47.54098360655738
full_relational6_20260922_130906,swe-agent,instance_ansible__ansible-5c225dc0f5bfa677addeac100a8018df3f3a9db1-v173091e2e36d38c978002990795f66cfc0af30ad,False,mutation_used_as_final_patch,True,148987.333333,1940,-98.69787588206313,15.0,3,-80.0,9.0,0,-100.0,40.0,7,-82.5
full_relational6_20260922_130906,swe-agent,instance_ansible__ansible-622a493ae03bd5e5cf517d336fc426e9d12208c7-v906c969b551b346ef54a2c0b41e04f632b7b73c2,True,,False,346309.666667,401793,16.021306556929282,20.666666666666668,16,-22.580645161290324,12.333333333333334,11,-10.81081081081081,248.66666666666666,286,15.013404825737275
full_relational6_20260922_130906,swe-agent,instance_ansible__ansible-6cc97447aac5816745278f3735af128afb255c81-v0f01c69f1e2528b935359cfe578530722bca2c59,True,,False,894955.0,705501,-21.169109061349456,30.0,35,16.666666666666675,17.0,24,41.176470588235304,53.0,40,-24.52830188679245
full_relational6_20260922_130906,swe-agent,instance_ansible__ansible-8127abbc298cabf04aaa89a478fc5e5e3432a6fc-v30a923fb5c164d6cd18280c02422f75e611e8fb2,True,,False,305737.666667,501776,64.11978460819448,18.333333333333332,23,25.454545454545464,12.666666666666666,18,42.10526315789473,237.0,235,-0.8438818565400852
full_relational6_20260922_130906,swe-agent,instance_ansible__ansible-9759e0ca494de1fd5fc2df2c5d11c57adbe6007c-v1055803c3a812189a1133297f7f5468579283f86,True,,False,401718.333333,583488,45.248038634155144,19.666666666666668,19,-3.3898305084745783,13.666666666666666,13,-4.8780487804877986,87.0,87,0.0
full_relational6_20260922_130906,swe-agent,instance_ansible__ansible-984216f52e76b904e5b0fa0fb956ab4f1e0a7751-v1055803c3a812189a1133297f7f5468579283f86,False,mutation_used_as_final_patch,True,650148.333333,2117,-99.67438200000495,27.666666666666668,3,-89.1566265060241,18.666666666666668,0,-100.0,292.0,12,-95.89041095890411
full_relational6_20260922_130906,swe-agent,instance_ansible__ansible-a6e671db25381ed111bbad0ab3e7d97366395d05-v0f01c69f1e2528b935359cfe578530722bca2c59,False,mutation_used_as_final_patch,False,157804.333333,1919,-98.78393706974414,16.0,3,-81.25,8.0,0,-100.0,23.666666666666668,6,-74.64788732394366
full_relational6_20260922_130906,swe-agent,instance_ansible__ansible-c1f2df47538b884a43320f53e787197793b105e8-v906c969b551b346ef54a2c0b41e04f632b7b73c2,True,,False,274530.666667,198287,-27.772367871558036,19.666666666666668,17,-13.559322033898313,13.333333333333334,11,-17.500000000000004,553.0,561,1.4466546112115841
full_relational6_20260922_130906,swe-agent,instance_ansible__ansible-c616e54a6e23fa5616a1d56d243f69576164ef9b-v1055803c3a812189a1133297f7f5468579283f86,True,,False,620621.666667,446059,-28.12706614070939,27.666666666666668,25,-9.63855421686748,22.0,18,-18.181818181818176,641.6666666666666,651,1.454545454545464
full_relational6_20260922_130906,swe-agent,instance_ansible__ansible-cb94c0cc550df9e98f1247bc71d8c2b861c75049-v1055803c3a812189a1133297f7f5468579283f86,True,,True,798083.0,298026,-62.65726747719222,24.0,20,-16.666666666666664,14.0,16,14.28571428571428,25.666666666666668,33,28.57142857142856
full_relational6_20260922_130906,swe-agent,instance_ansible__ansible-cd9c4eb5a6b2bfaf4a6709f001ce3d0c92c1eed2-v0f01c69f1e2528b935359cfe578530722bca2c59,True,,False,300640.333333,345353,14.87247774485223,22.333333333333332,24,7.462686567164178,13.0,17,30.76923076923077,26.333333333333332,46,74.68354430379746
full_relational6_20260922_130906,swe-agent,instance_ansible__ansible-d58e69c82d7edd0583dd8e78d76b075c33c3151e-v173091e2e36d38c978002990795f66cfc0af30ad,False,mutation_used_as_final_patch,False,324595.0,2160,-99.3345553689983,20.0,3,-85.0,13.0,0,-100.0,136.0,12,-91.17647058823529
full_relational6_20260922_130906,swe-agent,instance_ansible__ansible-d62496fe416623e88b90139dc7917080cb04ce70-v0f01c69f1e2528b935359cfe578530722bca2c59,True,,False,134355.333333,217498,61.88266933991429,15.666666666666666,18,14.893617021276606,8.0,10,25.0,22.333333333333332,34,52.23880597014927
full_relational6_20260922_130906,swe-agent,instance_ansible__ansible-e64c6c1ca50d7d26a8e7747d8eb87642e767cd74-v0f01c69f1e2528b935359cfe578530722bca2c59,True,,False,257837.0,94245,-63.44783719947098,19.333333333333332,14,-27.586206896551722,10.666666666666666,6,-43.75,24.333333333333332,18,-26.027397260273965
full_relational6_20260922_130906,swe-agent,instance_ansible__ansible-ed6581e4db2f1bec5a772213c3e186081adc162d-v0f01c69f1e2528b935359cfe578530722bca2c59,False,mutation_used_as_final_patch,False,113527.666667,2255,-98.01370003788206,13.666666666666666,3,-78.04878048780488,6.0,0,-100.0,19.0,6,-68.42105263157895
full_relational6_20260922_130906,swe-agent,instance_ansible__ansible-eea46a0d1b99a6dadedbb6a3502d599235fa7ec3-v390e508d27db7a51eece36bb6d9698b63a5b638a,False,mutation_used_as_final_patch,False,460119.0,1537,-99.66595598095276,19.666666666666668,3,-84.7457627118644,15.0,0,-100.0,447.0,12,-97.31543624161074
full_relational6_20260922_130906,swe-agent,instance_ansible__ansible-f8ef34672b961a95ec7282643679492862c688ec-vba6da65a0f3baefda7a058ebbd0a8dcafb8512f5,True,,False,940980.333333,726096,-22.836219389609212,33.333333333333336,33,-1.000000000000012,21.333333333333332,17,-20.3125,23.666666666666668,70,195.77464788732394
full_relational6_20260922_130906,swe-agent,instance_ansible__ansible-fb144c44144f8bd3542e71f5db62b6d322c7bd85-vba6da65a0f3baefda7a058ebbd0a8dcafb8512f5,True,,False,239511.0,207753,-13.259516264388694,17.0,17,0.0,9.333333333333334,13,39.28571428571428,18.666666666666668,25,33.928571428571416
full_relational6_20260922_130906,swe-agent,instance_internetarchive__openlibrary-00bec1e7c8f3272c469a58e1377df03f955ed478-v13642507b4fc1f8d234172bf8129942da2c2ca26,True,,False,397201.666667,342255,-13.833443129297173,20.666666666666668,18,-12.903225806451612,12.333333333333334,11,-10.81081081081081,67.0,63,-5.970149253731338
full_relational6_20260922_130906,swe-agent,instance_internetarchive__openlibrary-60725705782832a2cb22e17c49697948a42a9d03-v298a7a812ceed28c4c18355a091f1b268fe56d86,False,mutation_used_as_final_patch,False,213129.0,1455,-99.31731486564475,27.0,3,-88.88888888888889,15.0,0,-100.0,3.3333333333333335,8,140.0
full_relational6_20260922_130906,swe-agent,instance_internetarchive__openlibrary-72321288ea790a3ace9e36f1c05b68c93f7eec43-v0f5aece3601a5b4419f7ccec1dbda2071be28ee4,True,,False,216942.333333,322483,48.64918019711637,17.666666666666668,24,35.849056603773576,10.666666666666666,18,68.75,28.666666666666668,52,81.3953488372093
full_relational6_20260922_130906,swe-agent,instance_internetarchive__openlibrary-e010b2a13697de70170033902ba2e27a1e1acbe9-v0f5aece3601a5b4419f7ccec1dbda2071be28ee4,False,mutation_used_as_final_patch,True,486487.0,174942,-64.03973795805437,27.333333333333332,11,-59.756097560975604,15.666666666666666,6,-61.702127659574465,9.333333333333334,10,7.14285714285714
full_relational6_20260922_130906,swe-agent,instance_internetarchive__openlibrary-e1e502986a3b003899a8347ac8a7ff7b08cbfc39-v08d8e8889ec945ab821fb156c04c7d2e2810debb,False,mutation_used_as_final_patch,False,709216.666667,7828,-98.89624703311218,28.666666666666668,4,-86.04651162790698,18.666666666666668,1,-94.64285714285714,123.0,8,-93.4959349593496
full_relational6_20260922_130906,swe-agent,instance_internetarchive__openlibrary-e8084193a895d8ee81200f49093389a3887479ce-ve8c8d62a2b60610a3c4631f5f23ed866bada9818,True,,False,920845.333333,652905,-29.09721357474766,21.0,16,-23.809523809523814,9.0,9,0.0,8.0,38,375.0
full_relational6_20260922_130906,swe-agent,instance_internetarchive__openlibrary-fdbc0d8f418333c7e575c40b661b582c301ef7ac-v13642507b4fc1f8d234172bf8129942da2c2ca26,False,mutation_used_as_final_patch,False,419490.333333,123490,-70.56189614219998,20.333333333333332,9,-55.73770491803278,9.0,4,-55.55555555555556,12.333333333333334,20,62.16216216216215
full_relational6_20260922_130906,swe-agent,instance_qutebrowser__qutebrowser-0d2afd58f3d0e34af21cee7d8a3fc9d855594e9f-vnan,False,mutation_used_as_final_patch,False,287424.333333,173296,-39.707262085139746,20.0,15,-25.0,12.666666666666666,10,-21.052631578947366,44.666666666666664,18,-59.70149253731343
full_relational6_20260922_130906,swe-agent,instance_qutebrowser__qutebrowser-1943fa072ec3df5a87e18a23b0916f134c131016-vafb3e8e01b31319c66c4e666b8a3b1d8ba55db24,True,,False,268447.666667,174917,-34.841303643373266,16.666666666666668,13,-22.000000000000007,11.333333333333334,10,-11.764705882352944,38.666666666666664,45,16.3793103448276
full_relational6_20260922_130906,swe-agent,instance_qutebrowser__qutebrowser-1a9e74bfaf9a9db2a510dc14572d33ded6040a57-v2ef375ac784985212b1805e1d0431dc8f1b3c171,True,,False,223599.333333,250842,12.183697625980084,17.0,19,11.764705882352944,10.0,8,-19.999999999999996,37.666666666666664,42,11.50442477876108
full_relational6_20260922_130906,swe-agent,instance_qutebrowser__qutebrowser-394bfaed6544c952c6b3463751abab3176ad4997-vafb3e8e01b31319c66c4e666b8a3b1d8ba55db24,True,,False,596042.0,492906,-17.303478613923183,27.333333333333332,23,-15.853658536585357,21.333333333333332,19,-10.9375,551.6666666666666,518,-6.102719033232617
full_relational6_20260922_130906,swe-agent,instance_qutebrowser__qutebrowser-46e6839e21d9ff72abb6c5d49d5abaa5a8da8a81-v2ef375ac784985212b1805e1d0431dc8f1b3c171,True,,True,517058.333333,614772,18.897996680012817,25.0,35,39.99999999999999,12.333333333333334,9,-27.027027027027028,49.666666666666664,51,2.684563758389258
full_relational6_20260922_130906,swe-agent,instance_qutebrowser__qutebrowser-479aa075ac79dc975e2e949e188a328e95bf78ff-vc2f56a753b62a190ddb23cd330c257b9cf560d12,True,,False,316021.0,312806,-1.0173374554222625,16.333333333333332,18,10.204081632653072,10.333333333333334,11,6.451612903225801,34.0,42,23.529411764705888
full_relational6_20260922_130906,swe-agent,instance_qutebrowser__qutebrowser-5cef49ff3074f9eab1da6937a141a39a20828502-v02ad04386d5238fe2d1a1be450df257370de4b6a,True,,False,215120.666667,423565,96.89647050771985,15.666666666666666,25,59.57446808510638,8.0,11,37.5,39.333333333333336,37,-5.932203389830515
full_relational6_20260922_130906,swe-agent,instance_qutebrowser__qutebrowser-5e0d6dc1483cb3336ea0e3dcbd4fe4aa00fc1742-v5149fcda2a9a6fe1d35dfed1bade1444a11ef271,True,,False,337341.666667,259875,-22.963859588525015,20.333333333333332,22,8.196721311475418,12.0,13,8.333333333333325,53.333333333333336,43,-19.375000000000007
full_relational6_20260922_130906,swe-agent,instance_qutebrowser__qutebrowser-7b603dd6bf195e3e723ce08ff64a82b406e3f6b6-v9f8e9d96c85c85a605e382f1510bd08563afc566,True,,False,235955.333333,353803,49.94490482683156,18.0,20,11.111111111111116,7.333333333333333,8,9.090909090909104,63.333333333333336,77,21.578947368421055
full_relational6_20260922_130906,swe-agent,instance_qutebrowser__qutebrowser-8cd06741bb56cdca49f5cdc0542da97681154315-v5149fcda2a9a6fe1d35dfed1bade1444a11ef271,True,,False,520721.666667,1291372,147.99659446969557,14.0,26,85.71428571428572,9.0,14,55.55555555555556,58.333333333333336,59,1.1428571428571344
full_relational6_20260922_130906,swe-agent,instance_qutebrowser__qutebrowser-8d05f0282a271bfd45e614238bd1b555c58b3fc1-v35616345bb8052ea303186706cec663146f0f184,False,mutation_used_as_final_patch,False,259926.666667,1470,-99.4344558721698,21.666666666666668,3,-86.15384615384616,6.333333333333333,0,-100.0,17.666666666666668,6,-66.03773584905662
full_relational6_20260922_130906,swe-agent,instance_qutebrowser__qutebrowser-e57b6e0eeeb656eb2c84d6547d5a0a7333ecee85-v2ef375ac784985212b1805e1d0431dc8f1b3c171,False,mutation_used_as_final_patch,True,192319.0,1493,-99.22368564728394,19.333333333333332,3,-84.48275862068965,7.666666666666667,0,-100.0,48.0,8,-83.33333333333334
full_relational6_20260922_130906,swe-agent,instance_qutebrowser__qutebrowser-e70f5b03187bdd40e8bf70f5f3ead840f52d1f42-v02ad04386d5238fe2d1a1be450df257370de4b6a,False,mutation_used_as_final_patch,True,606110.0,1459,-99.75928461830361,24.0,3,-87.5,13.333333333333334,0,-100.0,37.0,8,-78.37837837837837
full_relational6_20260922_130906,swe-agent,instance_qutebrowser__qutebrowser-ec2dcfce9eee9f808efc17a1b99e227fc4421dea-v5149fcda2a9a6fe1d35dfed1bade1444a11ef271,True,,False,212997.333333,233941,9.832830458143205,24.0,22,-8.333333333333337,16.666666666666668,14,-16.000000000000004,78.0,95,21.794871794871785
full_relational6_20260922_130906,swe-agent,instance_qutebrowser__qutebrowser-ef5ba1a0360b39f9eff027fbdc57f363597c3c3b-v363c8a7e5ccdf6968fc7ab84a2053ac78036691d,True,,False,849477.333333,1008017,18.663201529457595,31.333333333333332,32,2.1276595744680993,17.666666666666668,21,18.867924528301884,77.66666666666667,84,8.154506437768227
full_relational6_20260922_130906,swe-agent,instance_qutebrowser__qutebrowser-f91ace96223cac8161c16dd061907e138fe85111-v059c6fdc75567943479b23ebca7c07b5e9a7f34c,True,,False,138538.333333,228322,64.80781492526692,13.333333333333334,16,19.999999999999996,5.333333333333333,6,12.5,65.0,70,7.692307692307687
full_relational6_20260922_130906,swe-agent,instance_qutebrowser__qutebrowser-fea33d607fde83cf505b228238cf365936437a63-v9f8e9d96c85c85a605e382f1510bd08563afc566,True,,False,238528.333333,674605,182.81965105512668,16.666666666666668,14,-16.000000000000004,6.666666666666667,6,-10.000000000000009,6.666666666666667,13,95.0
full_relational6_20260922_130906,opencode,instance_ansible__ansible-0ea40e09d1b35bcb69ff4d9cecf3d0defa4b36e8-v30a923fb5c164d6cd18280c02422f75e611e8fb2,True,,True,273164.666667,213574,-21.81492481955717,11.0,9,-18.181818181818176,14.333333333333334,11,-23.25581395348838,10.333333333333334,7,-32.25806451612904
full_relational6_20260922_130906,opencode,instance_ansible__ansible-0fd88717c953b92ed8a50495d55e630eb5d59166-vba6da65a0f3baefda7a058ebbd0a8dcafb8512f5,True,,True,573913.666667,518213,-9.70540865327033,15.666666666666666,16,2.1276595744680993,20.333333333333332,20,-1.6393442622950727,126.33333333333333,125,-1.055408970976246
full_relational6_20260922_130906,opencode,instance_ansible__ansible-164881d871964aa64e0f911d03ae270acbad253c-v390e508d27db7a51eece36bb6d9698b63a5b638a,True,,True,401764.333333,292796,-27.122450723539526,12.666666666666666,12,-5.263157894736836,19.666666666666668,22,11.864406779661007,69.66666666666667,72,3.349282296650702
full_relational6_20260922_130906,opencode,instance_ansible__ansible-189fcb37f973f0b1d52b555728208eeb9a6fce83-v906c969b551b346ef54a2c0b41e04f632b7b73c2,True,,False,685829.333333,610718,-10.951898625853929,18.333333333333332,17,-7.2727272727272645,24.333333333333332,19,-21.91780821917808,178.0,229,28.65168539325842
full_relational6_20260922_130906,opencode,instance_ansible__ansible-1b70260d5aa2f6c9782fd2b848e8d16566e50d85-vba6da65a0f3baefda7a058ebbd0a8dcafb8512f5,True,,False,1723601.0,1132062,-34.319949918803715,24.666666666666668,20,-18.918918918918926,48.0,34,-29.166666666666664,82.66666666666667,2,-97.58064516129032
full_relational6_20260922_130906,opencode,instance_ansible__ansible-1ee70fc272aff6bf3415357c6e13c5de5b928d9b-v1055803c3a812189a1133297f7f5468579283f86,True,,False,302280.666667,421795,39.537537961255076,13.333333333333334,14,5.000000000000004,15.0,18,19.999999999999996,17.333333333333332,20,15.384615384615397
full_relational6_20260922_130906,opencode,instance_ansible__ansible-29aea9ff3466e4cd2ed00524b9e56738d568ce8b-vba6da65a0f3baefda7a058ebbd0a8dcafb8512f5,True,,False,376766.666667,192604,-48.8797664337354,12.333333333333334,9,-27.027027027027028,16.333333333333332,14,-14.28571428571428,115.0,134,16.521739130434774
full_relational6_20260922_130906,opencode,instance_ansible__ansible-395e5e20fab9cad517243372fa3c3c5d9e09ab2a-v7eee2454f617569fd6889f2211f75bc02a35f9f8,True,,False,1162716.0,885727,-23.822584362819466,20.333333333333332,20,-1.6393442622950727,28.666666666666668,24,-16.279069767441868,303.0,242,-20.13201320132013
full_relational6_20260922_130906,opencode,instance_ansible__ansible-39bd8b99ec8c6624207bf3556ac7f9626dad9173-v1055803c3a812189a1133297f7f5468579283f86,True,,True,519598.333333,380905,-26.692413049776718,17.0,14,-17.647058823529417,20.333333333333332,18,-11.475409836065564,102.33333333333333,96,-6.188925081433217
full_relational6_20260922_130906,opencode,instance_ansible__ansible-3db08adbb1cc6aa9941be5e0fc810132c6e1fa4b-vba6da65a0f3baefda7a058ebbd0a8dcafb8512f5,True,,True,476341.666667,474913,-0.29992477395405226,15.0,14,-6.666666666666665,19.333333333333332,19,-1.724137931034475,59.333333333333336,50,-15.73033707865169
full_relational6_20260922_130906,opencode,instance_ansible__ansible-4c5ce5a1a9e79a845aff4978cfeb72a0d4ecf7d6-v1055803c3a812189a1133297f7f5468579283f86,True,,True,2314070.666667,1736494,-24.959335727585817,28.0,21,-25.0,42.666666666666664,28,-34.375,394.3333333333333,364,-7.692307692307687
full_relational6_20260922_130906,opencode,instance_ansible__ansible-5260527c4a71bfed99d803e687dd19619423b134-vba6da65a0f3baefda7a058ebbd0a8dcafb8512f5,True,,True,530413.333333,382425,-27.900568110359146,15.0,14,-6.666666666666665,28.666666666666668,29,1.1627906976744207,33.666666666666664,35,3.960396039603964
full_relational6_20260922_130906,opencode,instance_ansible__ansible-5c225dc0f5bfa677addeac100a8018df3f3a9db1-v173091e2e36d38c978002990795f66cfc0af30ad,True,,True,536482.333333,463481,-13.607406767612474,17.0,15,-11.764705882352944,22.666666666666668,24,5.882352941176472,35.333333333333336,40,13.207547169811317
full_relational6_20260922_130906,opencode,instance_ansible__ansible-5e88cd9972f10b66dd97e1ee684c910c6a2dd25e-v906c969b551b346ef54a2c0b41e04f632b7b73c2,True,,False,863153.333333,1330394,54.13182671296492,16.666666666666668,22,31.999999999999986,26.333333333333332,27,2.5316455696202667,231.33333333333334,273,18.01152737752161
full_relational6_20260922_130906,opencode,instance_ansible__ansible-6cc97447aac5816745278f3735af128afb255c81-v0f01c69f1e2528b935359cfe578530722bca2c59,True,,False,1515579.333333,1102737,-27.239902541102488,24.333333333333332,18,-26.027397260273965,44.666666666666664,45,0.7462686567164312,72.33333333333333,123,70.04608294930877
full_relational6_20260922_130906,opencode,instance_ansible__ansible-748f534312f2073a25a87871f5bd05882891b8c4-v0f01c69f1e2528b935359cfe578530722bca2c59,True,,False,544138.333333,654740,20.326020037870475,15.0,18,19.999999999999996,22.0,24,9.090909090909083,114.33333333333333,121,5.8309037900874605
full_relational6_20260922_130906,opencode,instance_ansible__ansible-77658704217d5f166404fc67997203c25381cb6e-v390e508d27db7a51eece36bb6d9698b63a5b638a,True,,False,617405.333333,510622,-17.295499013029414,15.0,16,6.666666666666665,20.666666666666668,20,-3.2258064516129115,125.66666666666667,118,-6.10079575596817
full_relational6_20260922_130906,opencode,instance_ansible__ansible-83fb24b923064d3576d473747ebbe62e4535c9e3-vba6da65a0f3baefda7a058ebbd0a8dcafb8512f5,True,,False,570355.0,527267,-7.554593191959391,18.0,16,-11.111111111111116,24.0,21,-12.5,53.333333333333336,51,-4.375000000000007
full_relational6_20260922_130906,opencode,instance_ansible__ansible-942424e10b2095a173dbd78e7128f52f7995849b-v30a923fb5c164d6cd18280c02422f75e611e8fb2,True,,True,875507.333333,1081505,23.528948168004504,20.0,20,0.0,22.333333333333332,21,-5.970149253731338,152.66666666666666,149,-2.4017467248908186
full_relational6_20260922_130906,opencode,instance_ansible__ansible-984216f52e76b904e5b0fa0fb956ab4f1e0a7751-v1055803c3a812189a1133297f7f5468579283f86,True,,False,1641018.666667,2000648,21.915005638749196,28.666666666666668,31,8.139534883720923,41.333333333333336,46,11.290322580645151,262.0,258,-1.526717557251911
full_relational6_20260922_130906,opencode,instance_ansible__ansible-9a21e247786ebd294dafafca1105fcd770ff46c6-v67cdaa49f89b34e42b69d5b7830b3c3ad3d8803f,True,,True,348194.0,393112,12.900279729116537,12.666666666666666,14,10.526315789473696,14.666666666666666,17,15.909090909090917,106.0,108,1.8867924528301883
full_relational6_20260922_130906,opencode,instance_ansible__ansible-a26c325bd8f6e2822d9d7e62f77a424c1db4fbf6-v0f01c69f1e2528b935359cfe578530722bca2c59,True,,True,797111.0,793275,-0.481237870258977,19.333333333333332,20,3.4482758620689724,25.333333333333332,24,-5.263157894736836,53.0,48,-9.433962264150942
full_relational6_20260922_130906,opencode,instance_ansible__ansible-b2a289dcbb702003377221e25f62c8a3608f0e89-v173091e2e36d38c978002990795f66cfc0af30ad,True,,True,1257030.333333,1369892,8.978436213846063,22.0,24,9.090909090909083,37.333333333333336,36,-3.571428571428581,139.0,134,-3.597122302158273
full_relational6_20260922_130906,opencode,instance_ansible__ansible-b748edea457a4576847a10275678127895d2f02f-v1055803c3a812189a1133297f7f5468579283f86,True,,False,1012490.0,1443813,42.600223212081104,19.666666666666668,30,52.542372881355924,34.0,51,50.0,180.33333333333334,136,-24.58410351201479
full_relational6_20260922_130906,opencode,instance_ansible__ansible-b8025ac160146319d2b875be3366b60c852dd35d-v0f01c69f1e2528b935359cfe578530722bca2c59,True,,True,1858622.666667,1501091,-19.236377188283647,25.333333333333332,22,-13.157894736842103,37.0,37,0.0,104.0,149,43.269230769230774
full_relational6_20260922_130906,opencode,instance_ansible__ansible-be2c376ab87e3e872ca21697508f12c6909cf85a-vba6da65a0f3baefda7a058ebbd0a8dcafb8512f5,True,,False,487842.333333,346731,-28.92560232911926,16.0,13,-18.75,18.333333333333332,14,-23.636363636363633,97.0,50,-48.453608247422686
full_relational6_20260922_130906,opencode,instance_ansible__ansible-be59caa59bf47ca78a4760eb7ff38568372a8260-v1055803c3a812189a1133297f7f5468579283f86,True,,True,646325.666667,242715,-62.44695011856126,18.666666666666668,10,-46.42857142857143,26.333333333333332,17,-35.44303797468354,82.0,88,7.317073170731714
full_relational6_20260922_130906,opencode,instance_ansible__ansible-c1f2df47538b884a43320f53e787197793b105e8-v906c969b551b346ef54a2c0b41e04f632b7b73c2,True,,False,1205093.666667,906823,-24.75082849716944,20.333333333333332,17,-16.393442622950815,25.0,25,0.0,469.6666666666667,298,-36.55074520936835
full_relational6_20260922_130906,opencode,instance_ansible__ansible-cd473dfb2fdbc97acf3293c134b21cbbcfa89ec3-vba6da65a0f3baefda7a058ebbd0a8dcafb8512f5,True,,False,947019.0,824439,-12.943774095345495,20.333333333333332,15,-26.22950819672131,31.333333333333332,23,-26.595744680851062,50.0,10,-80.0
full_relational6_20260922_130906,opencode,instance_ansible__ansible-cd9c4eb5a6b2bfaf4a6709f001ce3d0c92c1eed2-v0f01c69f1e2528b935359cfe578530722bca2c59,True,,False,750772.666667,583058,-22.33894148165475,14.333333333333334,12,-16.279069767441868,18.333333333333332,19,3.6363636363636376,52.0,60,15.384615384615374
full_relational6_20260922_130906,opencode,instance_ansible__ansible-d30fc6c0b359f631130b0e979d9a78a7b3747d48-v1055803c3a812189a1133297f7f5468579283f86,True,,False,1121957.0,1085825,-3.2204442772762243,23.0,23,0.0,35.0,27,-22.857142857142854,110.66666666666667,112,1.2048192771084265
full_relational6_20260922_130906,opencode,instance_ansible__ansible-d33bedc48fdd933b5abd65a77c081876298e2f07-v0f01c69f1e2528b935359cfe578530722bca2c59,True,,False,1046494.0,1029722,-1.6026847741124173,22.0,20,-9.090909090909093,35.333333333333336,33,-6.60377358490567,220.0,226,2.7272727272727337
full_relational6_20260922_130906,opencode,instance_ansible__ansible-d62496fe416623e88b90139dc7917080cb04ce70-v0f01c69f1e2528b935359cfe578530722bca2c59,True,,False,311572.0,459947,47.62141655861245,12.333333333333334,14,13.513513513513509,13.333333333333334,16,19.999999999999996,65.33333333333333,66,1.0204081632653184
full_relational6_20260922_130906,opencode,instance_ansible__ansible-d6d2251929c84c3aa883bad7db0f19cc9ff0339e-v30a923fb5c164d6cd18280c02422f75e611e8fb2,True,,True,1222718.666667,1196871,-2.1139504427014177,22.666666666666668,21,-7.352941176470596,32.333333333333336,24,-25.773195876288668,194.0,167,-13.917525773195871
full_relational6_20260922_130906,opencode,instance_ansible__ansible-deb54e4c5b32a346f1f0b0a14f1c713d2cc2e961-vba6da65a0f3baefda7a058ebbd0a8dcafb8512f5,True,,True,1244372.666667,1282323,3.049756262699699,26.0,29,11.538461538461542,37.666666666666664,39,3.539823008849563,48.333333333333336,53,9.6551724137931
full_relational6_20260922_130906,opencode,instance_ansible__ansible-e40889e7112ae00a21a2c74312b330e67a766cc0-v1055803c3a812189a1133297f7f5468579283f86,True,,False,1947082.333333,637838,-67.24134418557668,30.0,16,-46.666666666666664,44.666666666666664,27,-39.55223880597014,494.0,150,-69.63562753036437
full_relational6_20260922_130906,opencode,instance_ansible__ansible-e64c6c1ca50d7d26a8e7747d8eb87642e767cd74-v0f01c69f1e2528b935359cfe578530722bca2c59,True,,True,358568.333333,263998,-26.374424214748814,13.333333333333334,11,-17.500000000000004,19.0,13,-31.57894736842105,68.0,76,11.764705882352944
full_relational6_20260922_130906,opencode,instance_ansible__ansible-e9e6001263f51103e96e58ad382660df0f3d0e39-v30a923fb5c164d6cd18280c02422f75e611e8fb2,True,,False,550646.666667,366535,-33.43553639966741,17.0,13,-23.529411764705888,21.0,20,-4.761904761904767,212.66666666666666,91,-57.210031347962385
full_relational6_20260922_130906,opencode,instance_ansible__ansible-ea04e0048dbb3b63f876aad7020e1de8eee9f362-v1055803c3a812189a1133297f7f5468579283f86,True,,True,1649616.0,650198,-60.584887634455534,28.0,14,-50.0,39.333333333333336,31,-21.18644067796611,224.0,163,-27.23214285714286
full_relational6_20260922_130906,opencode,instance_ansible__ansible-ecea15c508f0e081525be036cf76bbb56dbcdd9d-vba6da65a0f3baefda7a058ebbd0a8dcafb8512f5,True,,False,1252168.333333,927153,-25.95620130944215,25.0,18,-28.000000000000004,35.333333333333336,25,-29.24528301886793,244.33333333333334,37,-84.85675306957708
full_relational6_20260922_130906,opencode,instance_ansible__ansible-ed6581e4db2f1bec5a772213c3e186081adc162d-v0f01c69f1e2528b935359cfe578530722bca2c59,True,,True,408939.0,417897,2.1905467563621883,13.0,15,15.384615384615374,16.666666666666668,16,-4.0000000000000036,40.333333333333336,28,-30.578512396694222
full_relational6_20260922_130906,opencode,instance_ansible__ansible-eea46a0d1b99a6dadedbb6a3502d599235fa7ec3-v390e508d27db7a51eece36bb6d9698b63a5b638a,True,,False,1102755.0,1034947,-6.148963278334718,16.0,14,-12.5,30.666666666666668,30,-2.1739130434782594,299.3333333333333,264,-11.804008908685958
full_relational6_20260922_130906,opencode,instance_ansible__ansible-f327e65d11bb905ed9f15996024f857a95592629-vba6da65a0f3baefda7a058ebbd0a8dcafb8512f5,True,,False,655875.0,837234,27.651457975986272,15.0,19,26.66666666666666,18.666666666666668,23,23.214285714285698,9.666666666666666,8,-17.24137931034482
full_relational6_20260922_130906,opencode,instance_ansible__ansible-f8ef34672b961a95ec7282643679492862c688ec-vba6da65a0f3baefda7a058ebbd0a8dcafb8512f5,True,,True,1011912.333333,1220046,20.568349629800142,18.666666666666668,18,-3.571428571428581,32.666666666666664,32,-2.0408163265306034,55.666666666666664,43,-22.754491017964074
full_relational6_20260922_130906,opencode,instance_internetarchive__openlibrary-03095f2680f7516fca35a58e665bf2a41f006273-v8717e18970bcdc4e0d2cea3b1527752b21e74866,True,,False,838751.0,814971,-2.8351680057609463,16.333333333333332,15,-8.163265306122447,28.666666666666668,25,-12.790697674418606,74.66666666666667,6,-91.96428571428572
full_relational6_20260922_130906,opencode,instance_internetarchive__openlibrary-308a35d6999427c02b1dbf5211c033ad3b352556-ve8c8d62a2b60610a3c4631f5f23ed866bada9818,True,,True,1067370.0,628251,-41.14027937828494,24.333333333333332,16,-34.246575342465746,38.0,28,-26.315789473684216,251.33333333333334,300,19.363395225464195
full_relational6_20260922_130906,opencode,instance_internetarchive__openlibrary-30bc73a1395fba2300087c7f307e54bb5372b60a-v76304ecdb3a5954fcf13feb710e8c40fcf24b73c,True,,False,1866460.333333,1725229,-7.566800687416619,25.0,21,-16.000000000000004,32.333333333333336,34,5.154639175257714,415.6666666666667,494,18.845228548516424
full_relational6_20260922_130906,opencode,instance_internetarchive__openlibrary-322d7a46cdc965bfabbf9500e98fde098c9d95b2-v13642507b4fc1f8d234172bf8129942da2c2ca26,True,,False,1625557.0,1607502,-1.1106962105912,27.0,28,3.703703703703698,25.666666666666668,32,24.675324675324674,294.0,454,54.42176870748299
full_relational6_20260922_130906,opencode,instance_internetarchive__openlibrary-3c48b4bb782189e0858e6c3fc7956046cf3e1cfb-v2d9a6c849c60ed19fd0858ce9e40b7cc8e097e59,True,,False,760683.333333,517807,-31.92870445429852,16.0,13,-18.75,24.666666666666668,20,-18.918918918918926,25.0,26,4.0000000000000036
full_relational6_20260922_130906,opencode,instance_internetarchive__openlibrary-58999808a17a26b387f8237860a7a524d1e2d262-v08d8e8889ec945ab821fb156c04c7d2e2810debb,True,,True,662395.333333,593042,-10.47008181413841,16.666666666666668,14,-16.000000000000004,26.333333333333332,26,-1.2658227848101222,93.66666666666667,79,-15.658362989323848
full_relational6_20260922_130906,opencode,instance_internetarchive__openlibrary-5fb312632097be7e9ac6ab657964af115224d15d-v0f5aece3601a5b4419f7ccec1dbda2071be28ee4,True,,False,1426171.666667,820206,-42.48897105655993,23.0,21,-8.695652173913048,30.333333333333332,30,-1.098901098901095,127.33333333333333,75,-41.09947643979057
full_relational6_20260922_130906,opencode,instance_internetarchive__openlibrary-60725705782832a2cb22e17c49697948a42a9d03-v298a7a812ceed28c4c18355a091f1b268fe56d86,True,,False,389691.666667,173129,-55.57282466911397,12.666666666666666,8,-36.84210526315789,15.333333333333334,11,-28.260869565217394,14.0,14,0.0
full_relational6_20260922_130906,opencode,instance_internetarchive__openlibrary-6a117fab6c963b74dc1ba907d838e74f76d34a4b-v13642507b4fc1f8d234172bf8129942da2c2ca26,True,,True,485623.333333,188122,-61.26174607203201,14.333333333333334,10,-30.23255813953488,16.0,12,-25.0,11.666666666666666,16,37.142857142857146
full_relational6_20260922_130906,opencode,instance_internetarchive__openlibrary-72321288ea790a3ace9e36f1c05b68c93f7eec43-v0f5aece3601a5b4419f7ccec1dbda2071be28ee4,True,,True,436979.333333,495391,13.367146272450237,14.333333333333334,17,18.604651162790688,17.0,18,5.882352941176472,44.0,44,0.0
full_relational6_20260922_130906,opencode,instance_internetarchive__openlibrary-757fcf46c70530739c150c57b37d6375f155dc97-ve8c8d62a2b60610a3c4631f5f23ed866bada9818,True,,True,515727.0,844006,63.65363845600483,15.333333333333334,20,30.434782608695656,24.666666666666668,21,-14.864864864864868,195.0,181,-7.179487179487176
full_relational6_20260922_130906,opencode,instance_internetarchive__openlibrary-798a582540019363d14b2090755cc7b89a350788-v430f20c722405e462d9ef44dee7d34c41e76fe7a,True,,True,883966.333333,491122,-44.441096738580335,21.333333333333332,14,-34.375,36.0,27,-25.0,259.3333333333333,301,16.06683804627249
full_relational6_20260922_130906,opencode,instance_internetarchive__openlibrary-7bf3238533070f2d24bafbb26eedf675d51941f6-v08d8e8889ec945ab821fb156c04c7d2e2810debb,True,,True,1513119.333333,948807,-37.29463505630913,22.0,18,-18.181818181818176,33.666666666666664,31,-7.920792079207917,97.0,106,9.278350515463906
full_relational6_20260922_130906,opencode,instance_internetarchive__openlibrary-7cbfb812ef0e1f9716e2d6e85d538a96fcb79d13-vfa6ff903cb27f336e17654595dd900fa943dcd91,True,,False,226478.666667,178437,-21.212446794221663,10.0,9,-9.999999999999998,12.333333333333334,11,-10.81081081081081,6.333333333333333,6,-5.263157894736836
full_relational6_20260922_130906,opencode,instance_internetarchive__openlibrary-7f7e53aa4cf74a4f8549a5bcd4810c527e2f6d7e-v13642507b4fc1f8d234172bf8129942da2c2ca26,True,,False,908307.666667,632772,-30.335059009032427,20.666666666666668,16,-22.580645161290324,31.333333333333332,27,-13.829787234042545,36.666666666666664,33,-9.999999999999998
full_relational6_20260922_130906,opencode,instance_internetarchive__openlibrary-b4f7c185ae5f1824ac7f3a18e8adf6a4b468459c-v08d8e8889ec945ab821fb156c04c7d2e2810debb,True,,False,577373.666667,596362,3.288742530052291,15.333333333333334,16,4.347826086956519,23.333333333333332,23,-1.4285714285714235,35.666666666666664,30,-15.88785046728971
full_relational6_20260922_130906,opencode,instance_internetarchive__openlibrary-e390c1212055dd84a262a798e53487e771d3fb64-v8717e18970bcdc4e0d2cea3b1527752b21e74866,True,,True,915458.333333,292303,-68.07031086430952,19.333333333333332,11,-43.103448275862064,26.666666666666668,21,-21.250000000000004,124.33333333333333,40,-67.828418230563
full_relational6_20260922_130906,opencode,instance_internetarchive__openlibrary-e8084193a895d8ee81200f49093389a3887479ce-ve8c8d62a2b60610a3c4631f5f23ed866bada9818,True,,False,597490.0,597476,-0.0023431354499670043,15.0,14,-6.666666666666665,17.0,16,-5.882352941176472,23.666666666666668,17,-28.169014084507047
full_relational6_20260922_130906,opencode,instance_qutebrowser__qutebrowser-0833b5f6f140d04200ec91605f88704dd18e2970-v059c6fdc75567943479b23ebca7c07b5e9a7f34c,True,,True,235274.666667,218979,-6.926230901886409,10.333333333333334,11,6.451612903225801,12.333333333333334,11,-10.81081081081081,4.0,4,0.0
full_relational6_20260922_130906,opencode,instance_qutebrowser__qutebrowser-0fc6d1109d041c69a68a896db87cf1b8c194cef7-v2ef375ac784985212b1805e1d0431dc8f1b3c171,True,,False,2734387.0,2246318,-17.84930223849075,41.666666666666664,35,-15.999999999999993,53.666666666666664,53,-1.2422360248447117,161.33333333333334,137,-15.082644628099173
full_relational6_20260922_130906,opencode,instance_qutebrowser__qutebrowser-16de05407111ddd82fa12e54389d532362489da9-v363c8a7e5ccdf6968fc7ab84a2053ac78036691d,True,,False,1358358.333333,836506,-38.41786960974668,21.666666666666668,15,-30.76923076923077,30.333333333333332,38,25.274725274725274,119.33333333333333,109,-8.65921787709497
full_relational6_20260922_130906,opencode,instance_qutebrowser__qutebrowser-233cb1cc48635130e5602549856a6fa4ab4c087f-v35616345bb8052ea303186706cec663146f0f184,True,,False,1022055.0,821628,-19.610197102895633,22.0,20,-9.090909090909093,36.333333333333336,32,-11.926605504587162,67.0,68,1.4925373134328401
full_relational6_20260922_130906,opencode,instance_qutebrowser__qutebrowser-322834d0e6bf17e5661145c9f085b41215c280e8-v488d33dd1b2540b234cbb0468af6b6614941ce8f,True,,False,1114809.666667,702358,-36.997496433640244,21.0,17,-19.047619047619047,29.333333333333332,27,-7.954545454545448,97.33333333333333,83,-14.726027397260266
full_relational6_20260922_130906,opencode,instance_qutebrowser__qutebrowser-473a15f7908f2bb6d670b0e908ab34a28d8cf7e2-v363c8a7e5ccdf6968fc7ab84a2053ac78036691d,True,,False,1706585.333333,1491113,-12.62593373588754,21.333333333333332,25,17.1875,31.333333333333332,39,24.468085106382986,121.0,108,-10.743801652892559
full_relational6_20260922_130906,opencode,instance_qutebrowser__qutebrowser-50efac08f623644a85441bbe02ab9347d2b71a9d-v9f8e9d96c85c85a605e382f1510bd08563afc566,True,,True,627732.666667,583452,-7.054064416005623,14.666666666666666,17,15.909090909090917,18.333333333333332,23,25.454545454545464,45.0,40,-11.111111111111116
full_relational6_20260922_130906,opencode,instance_qutebrowser__qutebrowser-52708364b5f91e198defb022d1a5b4b3ebd9b563-v2ef375ac784985212b1805e1d0431dc8f1b3c171,True,,False,1356945.333333,5064897,273.2572621447715,24.0,39,62.5,41.0,33,-19.512195121951216,47.0,46,-2.127659574468088
full_relational6_20260922_130906,opencode,instance_qutebrowser__qutebrowser-5cef49ff3074f9eab1da6937a141a39a20828502-v02ad04386d5238fe2d1a1be450df257370de4b6a,True,,True,507019.666667,475267,-6.2626104576441355,12.666666666666666,13,2.6315789473684292,15.0,15,0.0,87.0,87,0.0
full_relational6_20260922_130906,opencode,instance_qutebrowser__qutebrowser-5e0d6dc1483cb3336ea0e3dcbd4fe4aa00fc1742-v5149fcda2a9a6fe1d35dfed1bade1444a11ef271,True,,True,1273550.666667,1176128,-7.649689110678581,20.333333333333332,19,-6.5573770491803245,33.333333333333336,37,10.999999999999988,64.0,54,-15.625
full_relational6_20260922_130906,opencode,instance_qutebrowser__qutebrowser-5fdc83e5da6222fe61163395baaad7ae57fa2cb4-v363c8a7e5ccdf6968fc7ab84a2053ac78036691d,True,,True,782513.333333,919833,17.548540174019433,20.0,24,19.999999999999996,31.333333333333332,33,5.319148936170226,117.0,117,0.0
full_relational6_20260922_130906,opencode,instance_qutebrowser__qutebrowser-66cfa15c372fa9e613ea5a82d3b03e4609399fb6-v363c8a7e5ccdf6968fc7ab84a2053ac78036691d,True,,False,1469770.666667,1087406,-26.015260430668995,19.666666666666668,16,-18.644067796610177,38.666666666666664,33,-14.655172413793094,139.0,134,-3.597122302158273
full_relational6_20260922_130906,opencode,instance_qutebrowser__qutebrowser-6b320dc18662580e1313d2548fdd6231d2a97e6d-v363c8a7e5ccdf6968fc7ab84a2053ac78036691d,True,,True,380545.333333,246188,-35.306525021929325,14.333333333333334,11,-23.25581395348838,14.0,9,-35.71428571428571,36.0,20,-44.44444444444444
full_relational6_20260922_130906,opencode,instance_qutebrowser__qutebrowser-6dd402c0d0f7665d32a74c43c5b4cf5dc8aff28d-v5fc38aaf22415ab0b70567368332beee7955b367,True,,False,525031.666667,450909,-14.117751627734132,16.666666666666668,13,-22.000000000000007,20.666666666666668,20,-3.2258064516129115,56.666666666666664,43,-24.117647058823522
full_relational6_20260922_130906,opencode,instance_qutebrowser__qutebrowser-70248f256f93ed9b1984494d0a1a919ddd774892-v2ef375ac784985212b1805e1d0431dc8f1b3c171,True,,False,1178231.666667,409819,-65.2174515764542,20.333333333333332,13,-36.065573770491795,28.666666666666668,28,-2.3255813953488413,55.666666666666664,66,18.562874251497007
full_relational6_20260922_130906,opencode,instance_qutebrowser__qutebrowser-7f9713b20f623fc40473b7167a082d6db0f0fd40-va0fd88aac89cde702ec1ba84877234da33adce8a,True,,True,759233.0,438776,-42.20799148614457,17.666666666666668,13,-26.415094339622648,28.0,24,-14.28571428571429,110.33333333333333,108,-2.114803625377637
full_relational6_20260922_130906,opencode,instance_qutebrowser__qutebrowser-8d05f0282a271bfd45e614238bd1b555c58b3fc1-v35616345bb8052ea303186706cec663146f0f184,True,,False,731827.0,439631,-39.926922619690174,16.333333333333332,12,-26.530612244897956,18.0,14,-22.22222222222222,46.333333333333336,41,-11.510791366906481
full_relational6_20260922_130906,opencode,instance_qutebrowser__qutebrowser-8f46ba3f6dc7b18375f7aa63c48a1fe461190430-v2ef375ac784985212b1805e1d0431dc8f1b3c171,True,,True,530640.666667,744345,40.27289025458516,14.333333333333334,16,11.627906976744185,19.666666666666668,23,16.94915254237288,87.66666666666667,89,1.520912547528508
full_relational6_20260922_130906,opencode,instance_qutebrowser__qutebrowser-a84ecfb80a00f8ab7e341372560458e3f9cfffa2-v2ef375ac784985212b1805e1d0431dc8f1b3c171,True,,True,577471.666667,841749,45.76455410502347,16.333333333333332,18,10.204081632653072,22.333333333333332,28,25.373134328358216,101.33333333333333,90,-11.184210526315786
full_relational6_20260922_130906,opencode,instance_qutebrowser__qutebrowser-e64622cd2df5b521342cf4a62e0d4cb8f8c9ae5a-v363c8a7e5ccdf6968fc7ab84a2053ac78036691d,True,,False,586817.333333,571912,-2.5400294923704436,18.666666666666668,16,-14.28571428571429,23.333333333333332,18,-22.857142857142854,41.666666666666664,5,-88.0
full_relational6_20260922_130906,opencode,instance_qutebrowser__qutebrowser-e70f5b03187bdd40e8bf70f5f3ead840f52d1f42-v02ad04386d5238fe2d1a1be450df257370de4b6a,True,,True,763255.666667,760166,-0.4048010125482615,16.0,16,0.0,24.333333333333332,20,-17.808219178082187,94.0,94,0.0
full_relational6_20260922_130906,opencode,instance_qutebrowser__qutebrowser-ed19d7f58b2664bb310c7cb6b52c5b9a06ea60b2-v059c6fdc75567943479b23ebca7c07b5e9a7f34c,True,,False,1072698.0,937180,-12.633378639654403,23.333333333333332,22,-5.714285714285705,41.333333333333336,37,-10.483870967741938,82.66666666666667,37,-55.241935483870975
full_relational6_20260922_130906,opencode,instance_qutebrowser__qutebrowser-f91ace96223cac8161c16dd061907e138fe85111-v059c6fdc75567943479b23ebca7c07b5e9a7f34c,True,,True,522302.0,871161,66.7925836010584,15.0,20,33.33333333333333,20.666666666666668,25,20.967741935483875,123.0,127,3.2520325203251987
full_relational6_20260922_130906,opencode,instance_qutebrowser__qutebrowser-fcfa069a06ade76d91bac38127f3235c13d78eb1-v5fc38aaf22415ab0b70567368332beee7955b367,True,,False,883806.0,1422957,61.00331973306359,18.0,23,27.777777777777768,25.0,27,8.000000000000007,98.0,49,-50.0
full_relational6_20260922_130906,codex,instance_ansible__ansible-0fd88717c953b92ed8a50495d55e630eb5d59166-vba6da65a0f3baefda7a058ebbd0a8dcafb8512f5,True,,True,572094.333333,707521,23.672086713044237,19.333333333333332,18,-6.896551724137923,14.0,17,21.42857142857142,125.33333333333333,128,2.1276595744680993
full_relational6_20260922_130906,codex,instance_ansible__ansible-11c1777d56664b1acb56b387a1ad6aeadef1391d-v0f01c69f1e2528b935359cfe578530722bca2c59,True,,False,445348.333333,285617,-35.86660628941082,16.333333333333332,14,-14.28571428571428,13.0,10,-23.076923076923073,129.33333333333334,106,-18.041237113402065
full_relational6_20260922_130906,codex,instance_ansible__ansible-12734fa21c08a0ce8c84e533abdc560db2eb1955-v7eee2454f617569fd6889f2211f75bc02a35f9f8,True,,False,598348.666667,380727,-36.37037713800295,23.333333333333332,17,-27.142857142857135,21.333333333333332,21,-1.5625,37.0,14,-62.16216216216216
full_relational6_20260922_130906,codex,instance_ansible__ansible-164881d871964aa64e0f911d03ae270acbad253c-v390e508d27db7a51eece36bb6d9698b63a5b638a,True,,True,427013.666667,591868,38.60633656523203,17.333333333333332,21,21.153846153846168,12.666666666666666,19,50.0,66.0,69,4.545454545454541
full_relational6_20260922_130906,codex,instance_ansible__ansible-189fcb37f973f0b1d52b555728208eeb9a6fce83-v906c969b551b346ef54a2c0b41e04f632b7b73c2,True,,False,725098.666667,591031,-18.489575671578272,22.0,19,-13.636363636363635,15.666666666666666,14,-10.638297872340418,169.0,137,-18.934911242603548
full_relational6_20260922_130906,codex,instance_ansible__ansible-1a4644ff15355fd696ac5b9d074a566a80fe7ca3-v30a923fb5c164d6cd18280c02422f75e611e8fb2,True,,True,729615.0,847934,16.216634800545492,22.0,25,13.636363636363647,13.0,12,-7.692307692307687,189.66666666666666,218,14.938488576449927
full_relational6_20260922_130906,codex,instance_ansible__ansible-1b70260d5aa2f6c9782fd2b848e8d16566e50d85-vba6da65a0f3baefda7a058ebbd0a8dcafb8512f5,True,,True,1072465.666667,1088095,1.4573271498352858,27.333333333333332,27,-1.2195121951219523,28.0,26,-7.14285714285714,64.33333333333333,84,30.569948186528517
full_relational6_20260922_130906,codex,instance_ansible__ansible-29aea9ff3466e4cd2ed00524b9e56738d568ce8b-vba6da65a0f3baefda7a058ebbd0a8dcafb8512f5,True,,False,449869.0,291263,-35.256041203105795,20.0,17,-15.000000000000002,14.333333333333334,10,-30.23255813953488,169.0,108,-36.094674556213015
full_relational6_20260922_130906,codex,instance_ansible__ansible-34db57a47f875d11c4068567b9ec7ace174ec4cf-v1055803c3a812189a1133297f7f5468579283f86,True,,False,573049.666667,396905,-30.7381151954073,19.0,16,-15.789473684210531,13.666666666666666,8,-41.46341463414633,47.333333333333336,23,-51.40845070422535
full_relational6_20260922_130906,codex,instance_ansible__ansible-379058e10f3dbc0fdcaf80394bd09b18927e7d33-v1055803c3a812189a1133297f7f5468579283f86,True,,False,484069.0,491924,1.6227025486036162,18.666666666666668,19,1.7857142857142794,11.333333333333334,12,5.882352941176472,83.33333333333333,50,-39.99999999999999
full_relational6_20260922_130906,codex,instance_ansible__ansible-39bd8b99ec8c6624207bf3556ac7f9626dad9173-v1055803c3a812189a1133297f7f5468579283f86,True,,True,445558.0,392404,-11.929759986354194,17.666666666666668,16,-9.433962264150953,15.0,9,-40.0,102.33333333333333,99,-3.2573289902280034
full_relational6_20260922_130906,codex,instance_ansible__ansible-3db08adbb1cc6aa9941be5e0fc810132c6e1fa4b-vba6da65a0f3baefda7a058ebbd0a8dcafb8512f5,True,,True,384139.0,269382,-29.87382171557691,18.0,17,-5.555555555555558,12.333333333333334,9,-27.027027027027028,50.0,50,0.0
full_relational6_20260922_130906,codex,instance_ansible__ansible-415e08c2970757472314e515cb63a51ad825c45e-v7eee2454f617569fd6889f2211f75bc02a35f9f8,True,,False,514794.0,547621,6.3767254474605295,21.0,23,9.523809523809534,16.666666666666668,14,-16.000000000000004,113.0,40,-64.60176991150442
full_relational6_20260922_130906,codex,instance_ansible__ansible-42355d181a11b51ebfc56f6f4b3d9c74e01cb13b-v1055803c3a812189a1133297f7f5468579283f86,True,,True,844619.0,820009,-2.913739804574611,24.0,25,4.166666666666674,17.0,17,0.0,106.66666666666667,92,-13.750000000000007
full_relational6_20260922_130906,codex,instance_ansible__ansible-4c5ce5a1a9e79a845aff4978cfeb72a0d4ecf7d6-v1055803c3a812189a1133297f7f5468579283f86,True,,True,655067.333333,948453,44.78710076630534,20.333333333333332,45,121.31147540983606,18.0,38,111.11111111111111,922.0,536,-41.86550976138829
full_relational6_20260922_130906,codex,instance_ansible__ansible-502270c804c33d3bc963930dc85e0f4ca359674d-v7eee2454f617569fd6889f2211f75bc02a35f9f8,True,,True,417737.666667,261930,-37.297969299762045,17.333333333333332,17,-1.9230769230769162,13.0,11,-15.384615384615385,164.66666666666666,24,-85.4251012145749
full_relational6_20260922_130906,codex,instance_ansible__ansible-5e369604e1930b1a2e071fecd7ec5276ebd12cb1-v0f01c69f1e2528b935359cfe578530722bca2c59,True,,True,959871.0,689244,-28.194101082332935,22.666666666666668,21,-7.352941176470596,20.333333333333332,14,-31.147540983606557,94.33333333333333,113,19.787985865724387
full_relational6_20260922_130906,codex,instance_ansible__ansible-5e88cd9972f10b66dd97e1ee684c910c6a2dd25e-v906c969b551b346ef54a2c0b41e04f632b7b73c2,True,,False,446666.666667,381643,-14.557537313496594,18.333333333333332,16,-12.72727272727272,11.333333333333334,10,-11.764705882352944,226.33333333333334,194,-14.28571428571429
full_relational6_20260922_130906,codex,instance_ansible__ansible-622a493ae03bd5e5cf517d336fc426e9d12208c7-v906c969b551b346ef54a2c0b41e04f632b7b73c2,True,,False,561688.666667,615969,9.663775780824203,18.333333333333332,19,3.6363636363636376,16.666666666666668,15,-10.000000000000009,267.0,316,18.352059925093634
full_relational6_20260922_130906,codex,instance_ansible__ansible-77658704217d5f166404fc67997203c25381cb6e-v390e508d27db7a51eece36bb6d9698b63a5b638a,True,,False,474042.0,454097,-4.207433096645441,17.333333333333332,17,-1.9230769230769162,12.666666666666666,11,-13.157894736842103,128.33333333333334,120,-6.493506493506496
full_relational6_20260922_130906,codex,instance_ansible__ansible-7e1a347695c7987ae56ef1b6919156d9254010ad-v390e508d27db7a51eece36bb6d9698b63a5b638a,True,,True,690107.0,566480,-17.91417852593873,22.333333333333332,22,-1.492537313432829,15.333333333333334,16,4.347826086956519,458.6666666666667,457,-0.363372093023262
full_relational6_20260922_130906,codex,instance_ansible__ansible-8127abbc298cabf04aaa89a478fc5e5e3432a6fc-v30a923fb5c164d6cd18280c02422f75e611e8fb2,True,,True,766181.666667,1354224,76.74972645731243,21.666666666666668,35,61.53846153846152,15.333333333333334,40,160.8695652173913,317.6666666666667,320,0.7345225603357708
full_relational6_20260922_130906,codex,instance_ansible__ansible-83909bfa22573777e3db5688773bda59721962ad-vba6da65a0f3baefda7a058ebbd0a8dcafb8512f5,True,,True,1007735.666667,806824,-19.936941135714513,25.666666666666668,24,-6.493506493506496,21.0,18,-14.28571428571429,211.0,209,-0.9478672985781977
full_relational6_20260922_130906,codex,instance_ansible__ansible-83fb24b923064d3576d473747ebbe62e4535c9e3-vba6da65a0f3baefda7a058ebbd0a8dcafb8512f5,True,,True,434550.0,379677,-12.627545736969282,19.666666666666668,18,-8.474576271186452,13.0,12,-7.692307692307687,58.0,56,-3.4482758620689613
full_relational6_20260922_130906,codex,instance_ansible__ansible-9142be2f6cabbe6597c9254c5bb9186d17036d55-v0f01c69f1e2528b935359cfe578530722bca2c59,True,,False,420629.0,696247,65.52520154340287,16.0,20,25.0,12.666666666666666,13,2.6315789473684292,83.66666666666667,77,-7.968127490039844
full_relational6_20260922_130906,codex,instance_ansible__ansible-942424e10b2095a173dbd78e7128f52f7995849b-v30a923fb5c164d6cd18280c02422f75e611e8fb2,True,,True,737321.333333,622479,-15.575615154638845,22.333333333333332,22,-1.492537313432829,15.0,13,-13.33333333333333,161.66666666666666,145,-10.309278350515461
full_relational6_20260922_130906,codex,instance_ansible__ansible-949c503f2ef4b2c5d668af0492a5c0db1ab86140-v0f01c69f1e2528b935359cfe578530722bca2c59,True,,True,1455002.666667,1925851,32.360650885374696,32.333333333333336,39,20.618556701030922,21.333333333333332,25,17.1875,188.33333333333334,199,5.663716814159292
full_relational6_20260922_130906,codex,instance_ansible__ansible-9a21e247786ebd294dafafca1105fcd770ff46c6-v67cdaa49f89b34e42b69d5b7830b3c3ad3d8803f,True,,True,452052.333333,382845,-15.309584362220097,18.333333333333332,17,-7.2727272727272645,10.666666666666666,7,-34.375,106.33333333333333,111,4.3887147335423204
full_relational6_20260922_130906,codex,instance_ansible__ansible-a02e22e902a69aeb465f16bf03f7f5a91b2cb828-vba6da65a0f3baefda7a058ebbd0a8dcafb8512f5,True,,True,1036642.0,1004269,-3.122871733925503,23.666666666666668,21,-11.267605633802823,21.666666666666668,21,-3.076923076923077,31.333333333333332,27,-13.829787234042545
full_relational6_20260922_130906,codex,instance_ansible__ansible-a20a52701402a12f91396549df04ac55809f68e9-v1055803c3a812189a1133297f7f5468579283f86,True,,False,605345.0,449337,-25.77174999380518,20.333333333333332,19,-6.5573770491803245,13.333333333333334,13,-2.500000000000002,74.33333333333333,33,-55.60538116591929
full_relational6_20260922_130906,codex,instance_ansible__ansible-a26c325bd8f6e2822d9d7e62f77a424c1db4fbf6-v0f01c69f1e2528b935359cfe578530722bca2c59,True,,False,858501.666667,533613,-37.843685024902754,22.666666666666668,20,-11.764705882352944,14.0,14,0.0,54.333333333333336,37,-31.90184049079755
full_relational6_20260922_130906,codex,instance_ansible__ansible-a6e671db25381ed111bbad0ab3e7d97366395d05-v0f01c69f1e2528b935359cfe578530722bca2c59,True,,False,217166.333333,234077,7.786965137487223,13.0,15,15.384615384615374,7.333333333333333,9,22.72727272727273,74.33333333333333,45,-39.46188340807174
full_relational6_20260922_130906,codex,instance_ansible__ansible-b6290e1d156af608bd79118d209a64a051c55001-v390e508d27db7a51eece36bb6d9698b63a5b638a,True,,True,958673.666667,1214471,26.682419912745182,27.0,31,14.814814814814813,18.666666666666668,21,12.5,713.3333333333334,748,4.859813084112141
full_relational6_20260922_130906,codex,instance_ansible__ansible-b748edea457a4576847a10275678127895d2f02f-v1055803c3a812189a1133297f7f5468579283f86,True,,False,1136354.666667,845947,-25.55607638931813,29.666666666666668,25,-15.73033707865169,19.666666666666668,19,-3.3898305084745783,152.66666666666666,130,-14.847161572052393
full_relational6_20260922_130906,codex,instance_ansible__ansible-be2c376ab87e3e872ca21697508f12c6909cf85a-vba6da65a0f3baefda7a058ebbd0a8dcafb8512f5,True,,False,342350.333333,490354,43.231640882627275,17.333333333333332,22,26.923076923076938,11.666666666666666,16,37.142857142857146,106.0,87,-17.924528301886788
full_relational6_20260922_130906,codex,instance_ansible__ansible-be59caa59bf47ca78a4760eb7ff38568372a8260-v1055803c3a812189a1133297f7f5468579283f86,True,,True,424874.333333,374468,-11.863821694659416,19.0,17,-10.526315789473683,12.666666666666666,12,-5.263157894736836,70.66666666666667,83,17.452830188679247
full_relational6_20260922_130906,codex,instance_ansible__ansible-c1f2df47538b884a43320f53e787197793b105e8-v906c969b551b346ef54a2c0b41e04f632b7b73c2,True,,True,538558.333333,878089,63.04436226355119,19.333333333333332,30,55.172413793103445,16.333333333333332,21,28.57142857142858,752.0,752,0.0
full_relational6_20260922_130906,codex,instance_ansible__ansible-c616e54a6e23fa5616a1d56d243f69576164ef9b-v1055803c3a812189a1133297f7f5468579283f86,True,,True,1185830.666667,1435704,21.071586387229814,26.666666666666668,27,1.2499999999999956,22.0,38,72.72727272727273,2245.0,716,-68.10690423162585
full_relational6_20260922_130906,codex,instance_ansible__ansible-cb94c0cc550df9e98f1247bc71d8c2b861c75049-v1055803c3a812189a1133297f7f5468579283f86,True,,True,616100.333333,522985,-15.113663845831981,19.666666666666668,18,-8.474576271186452,18.333333333333332,14,-23.636363636363633,35.0,35,0.0
full_relational6_20260922_130906,codex,instance_ansible__ansible-cd473dfb2fdbc97acf3293c134b21cbbcfa89ec3-vba6da65a0f3baefda7a058ebbd0a8dcafb8512f5,True,,False,619083.666667,480560,-22.37559705181348,20.666666666666668,17,-17.741935483870975,15.666666666666666,19,21.27659574468086,46.333333333333336,39,-15.827338129496404
full_relational6_20260922_130906,codex,instance_ansible__ansible-cd9c4eb5a6b2bfaf4a6709f001ce3d0c92c1eed2-v0f01c69f1e2528b935359cfe578530722bca2c59,True,,True,751898.666667,316927,-57.84977230976256,19.666666666666668,14,-28.8135593220339,11.666666666666666,13,11.428571428571432,49.0,60,22.44897959183674
full_relational6_20260922_130906,codex,instance_ansible__ansible-d2f80991180337e2be23d6883064a67dcbaeb662-vba6da65a0f3baefda7a058ebbd0a8dcafb8512f5,True,,True,1077019.0,1126413,4.58617721692931,26.0,30,15.384615384615374,21.666666666666668,16,-26.15384615384616,221.66666666666666,227,2.4060150375939893
full_relational6_20260922_130906,codex,instance_ansible__ansible-d30fc6c0b359f631130b0e979d9a78a7b3747d48-v1055803c3a812189a1133297f7f5468579283f86,True,,False,1048483.333333,657345,-37.30515506523305,26.666666666666668,21,-21.250000000000004,15.0,15,0.0,106.66666666666667,110,3.125
full_relational6_20260922_130906,codex,instance_ansible__ansible-d62496fe416623e88b90139dc7917080cb04ce70-v0f01c69f1e2528b935359cfe578530722bca2c59,True,,False,226072.0,248434,9.891538978732427,14.0,17,21.42857142857142,8.666666666666666,5,-42.3076923076923,65.33333333333333,22,-66.3265306122449
full_relational6_20260922_130906,codex,instance_ansible__ansible-d72025be751c894673ba85caa063d835a0ad3a8c-v390e508d27db7a51eece36bb6d9698b63a5b638a,True,,True,703698.333333,1265695,79.86329369364233,22.0,20,-9.090909090909093,21.0,16,-23.809523809523814,773.6666666666666,755,-2.412753123653588
full_relational6_20260922_130906,codex,instance_ansible__ansible-d9f1866249756efc264b00ff7497e92c11a9885f-v0f01c69f1e2528b935359cfe578530722bca2c59,True,,True,413341.333333,334515,-19.07051798990913,18.0,14,-22.22222222222222,13.666666666666666,10,-26.82926829268293,31.333333333333332,38,21.27659574468086
full_relational6_20260922_130906,codex,instance_ansible__ansible-de01db08d00c8d2438e1ba5989c313ba16a145b0-vba6da65a0f3baefda7a058ebbd0a8dcafb8512f5,True,,True,496835.333333,406919,-18.097813762519642,20.0,18,-9.999999999999998,15.666666666666666,11,-29.78723404255319,45.666666666666664,45,-1.4598540145985384
full_relational6_20260922_130906,codex,instance_ansible__ansible-deb54e4c5b32a346f1f0b0a14f1c713d2cc2e961-vba6da65a0f3baefda7a058ebbd0a8dcafb8512f5,True,,True,1189399.666667,1054088,-11.376467512066624,28.333333333333332,25,-11.764705882352933,20.333333333333332,21,3.2786885245901676,55.666666666666664,58,4.191616766467066
full_relational6_20260922_130906,codex,instance_ansible__ansible-e0c91af45fa9af575d10fd3e724ebc59d2b2d6ac-v30a923fb5c164d6cd18280c02422f75e611e8fb2,True,,True,174647.333333,185525,6.228361154681683,11.666666666666666,13,11.428571428571432,5.333333333333333,6,12.5,9.0,9,0.0
full_relational6_20260922_130906,codex,instance_ansible__ansible-e40889e7112ae00a21a2c74312b330e67a766cc0-v1055803c3a812189a1133297f7f5468579283f86,True,,True,912392.333333,554659,-39.20827918689189,22.333333333333332,18,-19.402985074626866,24.666666666666668,14,-43.24324324324324,847.0,980,15.702479338842966
full_relational6_20260922_130906,codex,instance_ansible__ansible-e9e6001263f51103e96e58ad382660df0f3d0e39-v30a923fb5c164d6cd18280c02422f75e611e8fb2,True,,False,520864.666667,264049,-49.305641772623396,19.666666666666668,12,-38.98305084745763,9.333333333333334,8,-14.28571428571429,216.66666666666666,91,-57.99999999999999
full_relational6_20260922_130906,codex,instance_ansible__ansible-ea04e0048dbb3b63f876aad7020e1de8eee9f362-v1055803c3a812189a1133297f7f5468579283f86,True,,True,867320.0,495087,-42.91760826453904,25.0,19,-24.0,22.0,16,-27.27272727272727,386.6666666666667,494,27.758620689655157
full_relational6_20260922_130906,codex,instance_ansible__ansible-ed6581e4db2f1bec5a772213c3e186081adc162d-v0f01c69f1e2528b935359cfe578530722bca2c59,True,,True,404476.0,499176,23.413008435605565,18.333333333333332,16,-12.72727272727272,8.666666666666666,8,-7.692307692307687,39.666666666666664,30,-24.369747899159655
full_relational6_20260922_130906,codex,instance_ansible__ansible-f327e65d11bb905ed9f15996024f857a95592629-vba6da65a0f3baefda7a058ebbd0a8dcafb8512f5,True,,False,426531.666667,364548,-14.532019896987302,17.333333333333332,17,-1.9230769230769162,9.666666666666666,9,-6.896551724137923,12.666666666666666,8,-36.84210526315789
full_relational6_20260922_130906,codex,instance_ansible__ansible-f8ef34672b961a95ec7282643679492862c688ec-vba6da65a0f3baefda7a058ebbd0a8dcafb8512f5,True,,True,886148.333333,512710,-42.141740754441834,21.666666666666668,17,-21.53846153846154,16.0,12,-25.0,52.0,12,-76.92307692307692
full_relational6_20260922_130906,codex,instance_internetarchive__openlibrary-00bec1e7c8f3272c469a58e1377df03f955ed478-v13642507b4fc1f8d234172bf8129942da2c2ca26,True,,False,465417.666667,558380,19.97395887412956,17.333333333333332,17,-1.9230769230769162,10.333333333333334,13,25.806451612903224,95.0,72,-24.210526315789473
full_relational6_20260922_130906,codex,instance_internetarchive__openlibrary-09865f5fb549694d969f0a8e49b9d204ef1853ca-ve8c8d62a2b60610a3c4631f5f23ed866bada9818,True,,False,442374.333333,387692,-12.361099913054307,18.333333333333332,19,3.6363636363636376,8.0,5,-37.5,71.33333333333333,85,19.158878504672906
full_relational6_20260922_130906,codex,instance_internetarchive__openlibrary-1351c59fd43689753de1fca32c78d539a116ffc1-v29f82c9cf21d57b242f8d8b0e541525d259e2d63,True,,False,603280.666667,593658,-1.5950563640905746,21.666666666666668,19,-12.307692307692308,13.666666666666666,14,2.4390243902439046,59.666666666666664,55,-7.821229050279321
full_relational6_20260922_130906,codex,instance_internetarchive__openlibrary-308a35d6999427c02b1dbf5211c033ad3b352556-ve8c8d62a2b60610a3c4631f5f23ed866bada9818,True,,False,702753.666667,786660,11.93965073579033,27.0,26,-3.703703703703709,16.333333333333332,15,-8.163265306122447,237.66666666666666,260,9.396914446002814
full_relational6_20260922_130906,codex,instance_internetarchive__openlibrary-322d7a46cdc965bfabbf9500e98fde098c9d95b2-v13642507b4fc1f8d234172bf8129942da2c2ca26,True,,True,664724.666667,581730,-12.48557046681359,22.666666666666668,22,-2.941176470588236,18.666666666666668,19,1.7857142857142794,537.0,645,20.11173184357542
full_relational6_20260922_130906,codex,instance_internetarchive__openlibrary-53d376b148897466bb86d5accb51912bbbe9a8ed-v08d8e8889ec945ab821fb156c04c7d2e2810debb,True,,False,674498.0,1067347,58.24316751124541,21.333333333333332,25,17.1875,13.666666666666666,16,17.073170731707332,71.33333333333333,160,124.29906542056077
full_relational6_20260922_130906,codex,instance_internetarchive__openlibrary-5fb312632097be7e9ac6ab657964af115224d15d-v0f5aece3601a5b4419f7ccec1dbda2071be28ee4,True,,False,1085022.333333,612885,-43.51406591629098,27.333333333333332,19,-30.487804878048774,19.0,22,15.789473684210531,94.0,79,-15.957446808510634
full_relational6_20260922_130906,codex,instance_internetarchive__openlibrary-60725705782832a2cb22e17c49697948a42a9d03-v298a7a812ceed28c4c18355a091f1b268fe56d86,True,,False,322611.666667,238324,-26.126664152540325,15.666666666666666,13,-17.021276595744684,12.666666666666666,12,-5.263157894736836,13.333333333333334,4,-70.0
full_relational6_20260922_130906,codex,instance_internetarchive__openlibrary-6fdbbeee4c0a7e976ff3e46fb1d36f4eb110c428-v08d8e8889ec945ab821fb156c04c7d2e2810debb,True,,False,626570.333333,1022590,63.20434364653036,20.666666666666668,28,35.48387096774193,19.666666666666668,24,22.033898305084733,290.0,269,-7.241379310344831
full_relational6_20260922_130906,codex,instance_internetarchive__openlibrary-72321288ea790a3ace9e36f1c05b68c93f7eec43-v0f5aece3601a5b4419f7ccec1dbda2071be28ee4,True,,True,370876.666667,372694,0.49001015602627707,16.666666666666668,16,-4.0000000000000036,10.333333333333334,8,-22.580645161290324,43.666666666666664,44,0.7633587786259666
full_relational6_20260922_130906,codex,instance_internetarchive__openlibrary-757fcf46c70530739c150c57b37d6375f155dc97-ve8c8d62a2b60610a3c4631f5f23ed866bada9818,True,,True,441769.333333,453625,2.6836780583099795,18.333333333333332,20,9.090909090909104,9.333333333333334,8,-14.28571428571429,177.33333333333334,157,-11.466165413533835
full_relational6_20260922_130906,codex,instance_internetarchive__openlibrary-77c16d530b4d5c0f33d68bead2c6b329aee9b996-ve8c8d62a2b60610a3c4631f5f23ed866bada9818,True,,False,874755.333333,724784,-17.144374846115884,23.333333333333332,22,-5.714285714285705,17.0,17,0.0,178.0,214,20.2247191011236
full_relational6_20260922_130906,codex,instance_internetarchive__openlibrary-798a582540019363d14b2090755cc7b89a350788-v430f20c722405e462d9ef44dee7d34c41e76fe7a,True,,False,1179912.666667,2222704,88.37868791413706,30.0,41,36.66666666666667,18.0,26,44.44444444444444,219.66666666666666,127,-42.18512898330804
full_relational6_20260922_130906,codex,instance_internetarchive__openlibrary-7f7e53aa4cf74a4f8549a5bcd4810c527e2f6d7e-v13642507b4fc1f8d234172bf8129942da2c2ca26,True,,False,580770.666667,814859,40.30650078737887,21.333333333333332,23,7.8125,15.333333333333334,16,4.347826086956519,31.0,31,0.0
full_relational6_20260922_130906,codex,instance_internetarchive__openlibrary-8a9d9d323dfcf2a5b4f38d70b1108b030b20ebf3-v13642507b4fc1f8d234172bf8129942da2c2ca26,True,,False,579946.666667,1112113,91.76125390829515,18.666666666666668,32,71.42857142857142,15.0,26,73.33333333333334,346.3333333333333,421,21.559191530317623
full_relational6_20260922_130906,codex,instance_internetarchive__openlibrary-92db3454aeaa02f89b4cdbc3103f7e95c9759f92-v2c55207218fb8a0138425cbf7d9675272e240b90,True,,False,553994.333333,680743,22.879054719646884,19.333333333333332,20,3.4482758620689724,16.666666666666668,13,-22.000000000000007,10.0,6,-40.0
full_relational6_20260922_130906,codex,instance_internetarchive__openlibrary-9c392b60e2c6fa1d68cb68084b4b4ff04d0cb35c-v2d9a6c849c60ed19fd0858ce9e40b7cc8e097e59,True,,True,295286.666667,180333,-38.929514821824064,16.0,12,-25.0,10.333333333333334,13,25.806451612903224,7.0,7,0.0
full_relational6_20260922_130906,codex,instance_internetarchive__openlibrary-9cd47f4dc21e273320d9e30d889c864f8cb20ccf-v0f5aece3601a5b4419f7ccec1dbda2071be28ee4,True,,True,691367.666667,884238,27.89692700886701,18.666666666666668,21,12.5,15.333333333333334,17,10.869565217391308,75.66666666666667,75,-0.8810572687224738
full_relational6_20260922_130906,codex,instance_internetarchive__openlibrary-a7b7dc5735a1b3a9824376b1b469b556dd413981-va4315b5dc369c1ef66ae22f9ae4267aa3114e1b3,True,,False,799877.0,808431,1.0694144224674629,25.0,22,-12.0,16.333333333333332,12,-26.530612244897956,67.66666666666667,59,-12.807881773399021
full_relational6_20260922_130906,codex,instance_internetarchive__openlibrary-bb152d23c004f3d68986877143bb0f83531fe401-ve8c8d62a2b60610a3c4631f5f23ed866bada9818,True,,True,1388557.666667,1070386,-22.913824488882607,29.333333333333332,26,-11.363636363636365,27.666666666666668,22,-20.481927710843372,677.6666666666666,664,-2.016724053123453
full_relational6_20260922_130906,codex,instance_internetarchive__openlibrary-d40ec88713dc95ea791b252f92d2f7b75e107440-v13642507b4fc1f8d234172bf8129942da2c2ca26,True,,False,1147565.0,1134875,-1.1058197139159898,24.0,28,16.666666666666675,31.666666666666668,19,-40.0,306.3333333333333,99,-67.68226332970619
full_relational6_20260922_130906,codex,instance_internetarchive__openlibrary-e010b2a13697de70170033902ba2e27a1e1acbe9-v0f5aece3601a5b4419f7ccec1dbda2071be28ee4,True,,True,527134.0,541015,2.6332962776068225,18.0,18,0.0,17.0,18,5.882352941176472,31.333333333333332,18,-42.553191489361694
full_relational6_20260922_130906,codex,instance_internetarchive__openlibrary-e1e502986a3b003899a8347ac8a7ff7b08cbfc39-v08d8e8889ec945ab821fb156c04c7d2e2810debb,True,,True,1416334.0,735020,-48.10404890371905,30.0,19,-36.66666666666667,23.666666666666668,22,-7.042253521126762,171.0,161,-5.847953216374268
full_relational6_20260922_130906,codex,instance_internetarchive__openlibrary-fad4a40acf5ff5f06cd7441a5c7baf41a7d81fe4-vfa6ff903cb27f336e17654595dd900fa943dcd91,True,,True,328446.333333,345485,5.187656228064852,17.0,17,0.0,11.666666666666666,11,-5.714285714285705,48.333333333333336,49,1.379310344827589
full_relational6_20260922_130906,codex,instance_qutebrowser__qutebrowser-0833b5f6f140d04200ec91605f88704dd18e2970-v059c6fdc75567943479b23ebca7c07b5e9a7f34c,True,,True,212706.0,174666,-17.883839666017888,12.0,11,-8.333333333333337,8.666666666666666,6,-30.76923076923076,4.0,4,0.0
full_relational6_20260922_130906,codex,instance_qutebrowser__qutebrowser-0fc6d1109d041c69a68a896db87cf1b8c194cef7-v2ef375ac784985212b1805e1d0431dc8f1b3c171,True,,False,1170286.0,912218,-22.0517036006583,28.333333333333332,22,-22.352941176470587,20.666666666666668,30,45.161290322580626,116.0,111,-4.31034482758621
full_relational6_20260922_130906,codex,instance_qutebrowser__qutebrowser-16de05407111ddd82fa12e54389d532362489da9-v363c8a7e5ccdf6968fc7ab84a2053ac78036691d,True,,False,1374003.666667,1260627,-8.251554884276569,27.666666666666668,26,-6.024096385542177,16.0,18,12.5,132.33333333333334,114,-13.85390428211587
full_relational6_20260922_130906,codex,instance_qutebrowser__qutebrowser-1a9e74bfaf9a9db2a510dc14572d33ded6040a57-v2ef375ac784985212b1805e1d0431dc8f1b3c171,True,,True,792205.666667,634564,-19.89908344511552,22.333333333333332,19,-14.925373134328357,14.333333333333334,14,-2.3255813953488413,72.0,73,1.388888888888884
full_relational6_20260922_130906,codex,instance_qutebrowser__qutebrowser-1af602b258b97aaba69d2585ed499d95e2303ac2-v2ef375ac784985212b1805e1d0431dc8f1b3c171,True,,True,568218.666667,166199,-70.75087290340647,20.666666666666668,12,-41.93548387096775,6.666666666666667,5,-25.0,12.666666666666666,17,34.210526315789465
full_relational6_20260922_130906,codex,instance_qutebrowser__qutebrowser-21b426b6a20ec1cc5ecad770730641750699757b-v363c8a7e5ccdf6968fc7ab84a2053ac78036691d,True,,False,545610.666667,564188,3.404869894953544,21.0,23,9.523809523809534,10.666666666666666,11,3.125,47.333333333333336,36,-23.943661971830988
full_relational6_20260922_130906,codex,instance_qutebrowser__qutebrowser-233cb1cc48635130e5602549856a6fa4ab4c087f-v35616345bb8052ea303186706cec663146f0f184,True,,False,1071667.666667,1956448,82.56107381542645,28.0,33,17.85714285714286,18.0,21,16.666666666666675,72.33333333333333,63,-12.903225806451612
full_relational6_20260922_130906,codex,instance_qutebrowser__qutebrowser-2e961080a85d660148937ee8f0f6b3445a8f2c01-v363c8a7e5ccdf6968fc7ab84a2053ac78036691d,True,,True,758832.666667,682000,-10.125113222190352,22.0,21,-4.545454545454541,18.666666666666668,22,17.85714285714286,62.666666666666664,69,10.106382978723417
full_relational6_20260922_130906,codex,instance_qutebrowser__qutebrowser-322834d0e6bf17e5661145c9f085b41215c280e8-v488d33dd1b2540b234cbb0468af6b6614941ce8f,True,,False,751733.666667,535346,-28.785150414562256,22.666666666666668,18,-20.588235294117652,13.333333333333334,13,-2.500000000000002,88.0,87,-1.1363636363636354
full_relational6_20260922_130906,codex,instance_qutebrowser__qutebrowser-36ade4bba504eb96f05d32ceab9972df7eb17bcc-v2ef375ac784985212b1805e1d0431dc8f1b3c171,True,,False,387815.333333,516399,33.15590066073815,17.666666666666668,19,7.547169811320753,10.333333333333334,9,-12.903225806451612,94.66666666666667,71,-25.0
full_relational6_20260922_130906,codex,instance_qutebrowser__qutebrowser-394bfaed6544c952c6b3463751abab3176ad4997-vafb3e8e01b31319c66c4e666b8a3b1d8ba55db24,True,,True,814832.666667,904566,11.012485999124966,21.666666666666668,23,6.153846153846154,19.0,27,42.10526315789473,653.3333333333334,653,-0.05102040816327147
full_relational6_20260922_130906,codex,instance_qutebrowser__qutebrowser-44e64199ed38003253f0296badd4a447645067b6-v2ef375ac784985212b1805e1d0431dc8f1b3c171,True,,True,394836.0,581071,47.167684810908824,16.333333333333332,21,28.57142857142858,7.666666666666667,16,108.69565217391303,80.0,80,0.0
full_relational6_20260922_130906,codex,instance_qutebrowser__qutebrowser-46e6839e21d9ff72abb6c5d49d5abaa5a8da8a81-v2ef375ac784985212b1805e1d0431dc8f1b3c171,True,,True,537881.0,877384,63.11860801924589,18.666666666666668,23,23.214285714285698,14.333333333333334,17,18.604651162790688,69.33333333333333,69,-0.48076923076922906
full_relational6_20260922_130906,codex,instance_qutebrowser__qutebrowser-479aa075ac79dc975e2e949e188a328e95bf78ff-vc2f56a753b62a190ddb23cd330c257b9cf560d12,True,,True,517780.666667,514849,-0.5661985577544604,17.0,16,-5.882352941176472,10.666666666666666,8,-25.0,70.66666666666667,75,6.132075471698095
full_relational6_20260922_130906,codex,instance_qutebrowser__qutebrowser-50efac08f623644a85441bbe02ab9347d2b71a9d-v9f8e9d96c85c85a605e382f1510bd08563afc566,True,,False,500285.333333,317706,-36.49504016370424,16.0,14,-12.5,8.0,8,0.0,47.0,36,-23.404255319148938
full_relational6_20260922_130906,codex,instance_qutebrowser__qutebrowser-52708364b5f91e198defb022d1a5b4b3ebd9b563-v2ef375ac784985212b1805e1d0431dc8f1b3c171,True,,False,1352813.333333,1585672,17.21291924978987,30.333333333333332,36,18.681318681318682,24.333333333333332,32,31.506849315068507,48.0,34,-29.166666666666664
full_relational6_20260922_130906,codex,instance_qutebrowser__qutebrowser-5cef49ff3074f9eab1da6937a141a39a20828502-v02ad04386d5238fe2d1a1be450df257370de4b6a,True,,True,392850.333333,549573,39.893733915748996,16.333333333333332,18,10.204081632653072,11.333333333333334,12,5.882352941176472,84.0,87,3.571428571428581
full_relational6_20260922_130906,codex,instance_qutebrowser__qutebrowser-5e0d6dc1483cb3336ea0e3dcbd4fe4aa00fc1742-v5149fcda2a9a6fe1d35dfed1bade1444a11ef271,True,,False,611055.333333,400007,-34.53833422610638,19.333333333333332,17,-12.06896551724137,16.0,13,-18.75,54.0,45,-16.666666666666664
full_relational6_20260922_130906,codex,instance_qutebrowser__qutebrowser-5fdc83e5da6222fe61163395baaad7ae57fa2cb4-v363c8a7e5ccdf6968fc7ab84a2053ac78036691d,True,,True,634324.333333,449443,-29.14618336672624,22.666666666666668,23,1.4705882352941124,12.666666666666666,12,-5.263157894736836,117.0,117,0.0
full_relational6_20260922_130906,codex,instance_qutebrowser__qutebrowser-6b320dc18662580e1313d2548fdd6231d2a97e6d-v363c8a7e5ccdf6968fc7ab84a2053ac78036691d,True,,True,293990.333333,307263,4.5146609130056525,17.0,17,0.0,5.0,6,19.999999999999996,19.666666666666668,16,-18.644067796610177
full_relational6_20260922_130906,codex,instance_qutebrowser__qutebrowser-7b603dd6bf195e3e723ce08ff64a82b406e3f6b6-v9f8e9d96c85c85a605e382f1510bd08563afc566,True,,True,339604.0,338758,-0.24911367357275394,16.666666666666668,18,7.999999999999985,8.666666666666666,6,-30.76923076923076,69.66666666666667,64,-8.133971291866038
full_relational6_20260922_130906,codex,instance_qutebrowser__qutebrowser-7f9713b20f623fc40473b7167a082d6db0f0fd40-va0fd88aac89cde702ec1ba84877234da33adce8a,True,,True,558496.666667,753774,34.964816262624666,17.666666666666668,21,18.867924528301884,15.333333333333334,18,17.391304347826075,107.33333333333333,103,-4.037267080745332
full_relational6_20260922_130906,codex,instance_qutebrowser__qutebrowser-85b867fe8d4378c8e371f055c70452f546055854-v2ef375ac784985212b1805e1d0431dc8f1b3c171,True,,False,753216.666667,783066,3.962914610623769,23.333333333333332,20,-14.28571428571428,16.333333333333332,15,-8.163265306122447,46.666666666666664,42,-9.999999999999998
full_relational6_20260922_130906,codex,instance_qutebrowser__qutebrowser-8cd06741bb56cdca49f5cdc0542da97681154315-v5149fcda2a9a6fe1d35dfed1bade1444a11ef271,True,,False,956164.0,589268,-38.37166009178342,22.666666666666668,18,-20.588235294117652,15.0,15,0.0,79.33333333333333,82,3.3613445378151363
full_relational6_20260922_130906,codex,instance_qutebrowser__qutebrowser-8d05f0282a271bfd45e614238bd1b555c58b3fc1-v35616345bb8052ea303186706cec663146f0f184,True,,False,662302.666667,313493,-52.66620296463014,22.0,17,-22.72727272727273,11.333333333333334,8,-29.41176470588236,50.666666666666664,79,55.92105263157896
full_relational6_20260922_130906,codex,instance_qutebrowser__qutebrowser-8f46ba3f6dc7b18375f7aa63c48a1fe461190430-v2ef375ac784985212b1805e1d0431dc8f1b3c171,True,,True,531207.0,465536,-12.362600643440313,19.666666666666668,18,-8.474576271186452,11.333333333333334,11,-2.941176470588236,89.0,68,-23.59550561797753
full_relational6_20260922_130906,codex,instance_qutebrowser__qutebrowser-996487c43e4fcc265b541f9eca1e7930e3c5cf05-v2ef375ac784985212b1805e1d0431dc8f1b3c171,True,,False,616471.666667,525790,-14.709786608243846,19.0,18,-5.263157894736848,13.0,15,15.384615384615374,33.666666666666664,24,-28.712871287128706
full_relational6_20260922_130906,codex,instance_qutebrowser__qutebrowser-a25e8a09873838ca9efefd36ea8a45170bbeb95c-vc2f56a753b62a190ddb23cd330c257b9cf560d12,True,,True,439408.333333,415999,-5.327466858772468,17.666666666666668,19,7.547169811320753,12.333333333333334,14,13.513513513513509,64.0,64,0.0
full_relational6_20260922_130906,codex,instance_qutebrowser__qutebrowser-cf06f4e3708f886032d4d2a30108c2fddb042d81-v2ef375ac784985212b1805e1d0431dc8f1b3c171,True,,True,545086.333333,444698,-18.416960249060487,18.333333333333332,16,-12.72727272727272,11.333333333333334,13,14.705882352941169,75.0,65,-13.33333333333333
full_relational6_20260922_130906,codex,instance_qutebrowser__qutebrowser-de4a1c1a2839b5b49c3d4ce21d39de48d24e2091-v2ef375ac784985212b1805e1d0431dc8f1b3c171,True,,False,818274.666667,855306,4.525538287019959,24.333333333333332,26,6.849315068493156,12.333333333333334,9,-27.027027027027028,436.6666666666667,479,9.694656488549613
full_relational6_20260922_130906,codex,instance_qutebrowser__qutebrowser-deeb15d6f009b3ca0c3bd503a7cef07462bd16b4-v363c8a7e5ccdf6968fc7ab84a2053ac78036691d,True,,False,557337.333333,542701,-2.6261175158447503,24.333333333333332,24,-1.3698630136986245,12.0,16,33.33333333333333,35.666666666666664,50,40.18691588785048
full_relational6_20260922_130906,codex,instance_qutebrowser__qutebrowser-e57b6e0eeeb656eb2c84d6547d5a0a7333ecee85-v2ef375ac784985212b1805e1d0431dc8f1b3c171,True,,True,437571.666667,728953,66.59053945436246,18.0,24,33.33333333333333,11.666666666666666,13,11.428571428571432,54.333333333333336,53,-2.4539877300613577
full_relational6_20260922_130906,codex,instance_qutebrowser__qutebrowser-e64622cd2df5b521342cf4a62e0d4cb8f8c9ae5a-v363c8a7e5ccdf6968fc7ab84a2053ac78036691d,True,,True,391480.333333,865061,120.9717644396108,18.333333333333332,25,36.363636363636374,8.333333333333334,10,19.999999999999996,42.666666666666664,60,40.625
full_relational6_20260922_130906,codex,instance_qutebrowser__qutebrowser-e70f5b03187bdd40e8bf70f5f3ead840f52d1f42-v02ad04386d5238fe2d1a1be450df257370de4b6a,True,,True,617476.0,627485,1.6209536888883047,19.333333333333332,20,3.4482758620689724,15.333333333333334,9,-41.30434782608696,71.33333333333333,85,19.158878504672906
full_relational6_20260922_130906,codex,instance_qutebrowser__qutebrowser-ebfe9b7aa0c4ba9d451f993e08955004aaec4345-v059c6fdc75567943479b23ebca7c07b5e9a7f34c,True,,True,774841.333333,1850497,138.82270090575054,27.0,36,33.33333333333333,21.666666666666668,23,6.153846153846154,394.0,394,0.0
full_relational6_20260922_130906,codex,instance_qutebrowser__qutebrowser-ef5ba1a0360b39f9eff027fbdc57f363597c3c3b-v363c8a7e5ccdf6968fc7ab84a2053ac78036691d,True,,False,1128639.666667,1012870,-10.25745152205051,24.666666666666668,25,1.3513513513513375,21.0,24,14.28571428571428,81.33333333333333,133,63.524590163934434
full_relational6_20260922_130906,codex,instance_qutebrowser__qutebrowser-f91ace96223cac8161c16dd061907e138fe85111-v059c6fdc75567943479b23ebca7c07b5e9a7f34c,True,,True,422604.333333,685889,62.30051277291076,17.666666666666668,24,35.849056603773576,12.0,16,33.33333333333333,123.0,123,0.0
full_relational6_20260922_130906,codex,instance_qutebrowser__qutebrowser-fd6790fe8c02b144ab2464f1fc8ab3d02ce3c476-v2ef375ac784985212b1805e1d0431dc8f1b3c171,True,,True,1070944.333333,778411,-27.315456483398716,29.0,24,-17.24137931034483,24.0,13,-45.833333333333336,175.66666666666666,176,0.189753320683117
full_relational6_20260922_130906,codex,instance_qutebrowser__qutebrowser-fea33d607fde83cf505b228238cf365936437a63-v9f8e9d96c85c85a605e382f1510bd08563afc566,True,,False,344718.666667,484201,40.46265747127082,13.666666666666666,17,24.390243902439025,10.333333333333334,11,6.451612903225801,14.333333333333334,7,-51.162790697674424
full_relational_one_doc_20260923_205119,swe-agent,instance_ansible__ansible-0ea40e09d1b35bcb69ff4d9cecf3d0defa4b36e8-v30a923fb5c164d6cd18280c02422f75e611e8fb2,True,,True,55136.666667,75790,37.458436611223874,12.0,15,25.0,4.666666666666667,6,28.57142857142856,4.666666666666667,9,92.85714285714283
full_relational_one_doc_20260923_205119,swe-agent,instance_ansible__ansible-0fd88717c953b92ed8a50495d55e630eb5d59166-vba6da65a0f3baefda7a058ebbd0a8dcafb8512f5,True,,True,390961.0,330766,-15.39667639483222,22.333333333333332,22,-1.492537313432829,14.666666666666666,13,-11.363636363636365,90.66666666666667,101,11.397058823529417
full_relational_one_doc_20260923_205119,swe-agent,instance_ansible__ansible-185d41031660a676c43fbb781cd1335902024bfe-vba6da65a0f3baefda7a058ebbd0a8dcafb8512f5,True,,True,373082.333333,256736,-31.18516288176889,22.0,20,-9.090909090909093,14.0,15,7.14285714285714,68.0,73,7.352941176470584
full_relational_one_doc_20260923_205119,swe-agent,instance_ansible__ansible-1a4644ff15355fd696ac5b9d074a566a80fe7ca3-v30a923fb5c164d6cd18280c02422f75e611e8fb2,True,,True,217490.0,186372,-14.307784265943258,18.0,16,-11.111111111111116,11.0,11,0.0,113.0,121,7.079646017699126
full_relational_one_doc_20260923_205119,swe-agent,instance_ansible__ansible-29aea9ff3466e4cd2ed00524b9e56738d568ce8b-vba6da65a0f3baefda7a058ebbd0a8dcafb8512f5,True,,True,240788.333333,192705,-19.969129179735955,19.333333333333332,18,-6.896551724137923,9.0,12,33.33333333333333,51.666666666666664,71,37.41935483870969
full_relational_one_doc_20260923_205119,swe-agent,instance_ansible__ansible-379058e10f3dbc0fdcaf80394bd09b18927e7d33-v1055803c3a812189a1133297f7f5468579283f86,True,,True,110859.666667,120617,8.801517834533158,14.333333333333334,15,4.6511627906976605,8.333333333333334,11,31.999999999999986,18.0,24,33.33333333333333
full_relational_one_doc_20260923_205119,swe-agent,instance_ansible__ansible-502270c804c33d3bc963930dc85e0f4ca359674d-v7eee2454f617569fd6889f2211f75bc02a35f9f8,True,,True,222832.0,268688,20.578731959503127,17.333333333333332,21,21.153846153846168,11.666666666666666,14,19.999999999999996,163.66666666666666,241,47.250509164969465
full_relational_one_doc_20260923_205119,swe-agent,instance_ansible__ansible-5260527c4a71bfed99d803e687dd19619423b134-vba6da65a0f3baefda7a058ebbd0a8dcafb8512f5,True,,True,319850.666667,227025,-29.021564230047957,24.0,20,-16.666666666666664,13.666666666666666,15,9.756097560975618,20.333333333333332,28,37.704918032786885
full_relational_one_doc_20260923_205119,swe-agent,instance_ansible__ansible-5c225dc0f5bfa677addeac100a8018df3f3a9db1-v173091e2e36d38c978002990795f66cfc0af30ad,True,,True,148987.333333,270788,81.75236373602624,15.0,21,39.99999999999999,9.0,17,88.88888888888889,40.0,47,17.500000000000004
full_relational_one_doc_20260923_205119,swe-agent,instance_ansible__ansible-622a493ae03bd5e5cf517d336fc426e9d12208c7-v906c969b551b346ef54a2c0b41e04f632b7b73c2,True,,True,346309.666667,365879,5.650819257037165,20.666666666666668,21,1.6129032258064502,12.333333333333334,14,13.513513513513509,248.66666666666666,155,-37.66756032171582
full_relational_one_doc_20260923_205119,swe-agent,instance_ansible__ansible-6cc97447aac5816745278f3735af128afb255c81-v0f01c69f1e2528b935359cfe578530722bca2c59,True,,True,894955.0,620280,-30.691487281483433,30.0,31,3.3333333333333437,17.0,15,-11.764705882352944,53.0,41,-22.64150943396226
full_relational_one_doc_20260923_205119,swe-agent,instance_ansible__ansible-8127abbc298cabf04aaa89a478fc5e5e3432a6fc-v30a923fb5c164d6cd18280c02422f75e611e8fb2,True,,True,305737.666667,440704,44.14448988387196,18.333333333333332,21,14.54545454545455,12.666666666666666,14,10.526315789473696,237.0,238,0.42194092827003704
full_relational_one_doc_20260923_205119,swe-agent,instance_ansible__ansible-9759e0ca494de1fd5fc2df2c5d11c57adbe6007c-v1055803c3a812189a1133297f7f5468579283f86,True,,True,401718.333333,1118544,178.43986873080925,19.666666666666668,31,57.62711864406778,13.666666666666666,10,-26.82926829268293,87.0,46,-47.12643678160919
full_relational_one_doc_20260923_205119,swe-agent,instance_ansible__ansible-984216f52e76b904e5b0fa0fb956ab4f1e0a7751-v1055803c3a812189a1133297f7f5468579283f86,True,,True,650148.333333,424721,-34.673215599483534,27.666666666666668,23,-16.867469879518072,18.666666666666668,17,-8.92857142857143,292.0,286,-2.0547945205479423
full_relational_one_doc_20260923_205119,swe-agent,instance_ansible__ansible-a6e671db25381ed111bbad0ab3e7d97366395d05-v0f01c69f1e2528b935359cfe578530722bca2c59,True,,True,157804.333333,171548,8.70930878558196,16.0,17,6.25,8.0,11,37.5,23.666666666666668,22,-7.042253521126762
full_relational_one_doc_20260923_205119,swe-agent,instance_ansible__ansible-c1f2df47538b884a43320f53e787197793b105e8-v906c969b551b346ef54a2c0b41e04f632b7b73c2,True,,True,274530.666667,205305,-25.216005012281293,19.666666666666668,16,-18.644067796610177,13.333333333333334,12,-10.000000000000009,553.0,561,1.4466546112115841
full_relational_one_doc_20260923_205119,swe-agent,instance_ansible__ansible-c616e54a6e23fa5616a1d56d243f69576164ef9b-v1055803c3a812189a1133297f7f5468579283f86,True,,False,620621.666667,345233,-44.373034564834526,27.666666666666668,22,-20.481927710843372,22.0,13,-40.90909090909091,641.6666666666666,37,-94.23376623376623
full_relational_one_doc_20260923_205119,swe-agent,instance_ansible__ansible-cb94c0cc550df9e98f1247bc71d8c2b861c75049-v1055803c3a812189a1133297f7f5468579283f86,True,,True,798083.0,360993,-54.76748658974066,24.0,21,-12.5,14.0,13,-7.14285714285714,25.666666666666668,29,12.987012987012992
full_relational_one_doc_20260923_205119,swe-agent,instance_ansible__ansible-cd9c4eb5a6b2bfaf4a6709f001ce3d0c92c1eed2-v0f01c69f1e2528b935359cfe578530722bca2c59,True,,True,300640.333333,379227,26.139761686584674,22.333333333333332,24,7.462686567164178,13.0,14,7.692307692307687,26.333333333333332,31,17.721518987341778
full_relational_one_doc_20260923_205119,swe-agent,instance_ansible__ansible-d58e69c82d7edd0583dd8e78d76b075c33c3151e-v173091e2e36d38c978002990795f66cfc0af30ad,True,,False,324595.0,486949,50.01740630632019,20.0,22,10.000000000000009,13.0,10,-23.076923076923073,136.0,86,-36.76470588235294
full_relational_one_doc_20260923_205119,swe-agent,instance_ansible__ansible-d62496fe416623e88b90139dc7917080cb04ce70-v0f01c69f1e2528b935359cfe578530722bca2c59,True,,True,134355.333333,114588,-14.712726947732403,15.666666666666666,12,-23.404255319148938,8.0,6,-25.0,22.333333333333332,30,34.32835820895524
full_relational_one_doc_20260923_205119,swe-agent,instance_ansible__ansible-e64c6c1ca50d7d26a8e7747d8eb87642e767cd74-v0f01c69f1e2528b935359cfe578530722bca2c59,True,,True,257837.0,342823,32.961134360080216,19.333333333333332,23,18.965517241379317,10.666666666666666,12,12.5,24.333333333333332,35,43.83561643835616
full_relational_one_doc_20260923_205119,swe-agent,instance_ansible__ansible-ed6581e4db2f1bec5a772213c3e186081adc162d-v0f01c69f1e2528b935359cfe578530722bca2c59,True,,True,113527.666667,133252,17.374032173897767,13.666666666666666,17,24.390243902439025,6.0,9,50.0,19.0,27,42.10526315789473
full_relational_one_doc_20260923_205119,swe-agent,instance_ansible__ansible-eea46a0d1b99a6dadedbb6a3502d599235fa7ec3-v390e508d27db7a51eece36bb6d9698b63a5b638a,True,,True,460119.0,341094,-25.86830798119617,19.666666666666668,18,-8.474576271186452,15.0,13,-13.33333333333333,447.0,428,-4.250559284116329
full_relational_one_doc_20260923_205119,swe-agent,instance_ansible__ansible-f8ef34672b961a95ec7282643679492862c688ec-vba6da65a0f3baefda7a058ebbd0a8dcafb8512f5,True,,True,940980.333333,421219,-55.236152650712576,33.333333333333336,20,-40.0,21.333333333333332,12,-43.75,23.666666666666668,66,178.8732394366197
full_relational_one_doc_20260923_205119,swe-agent,instance_ansible__ansible-fb144c44144f8bd3542e71f5db62b6d322c7bd85-vba6da65a0f3baefda7a058ebbd0a8dcafb8512f5,True,,True,239511.0,187377,-21.76684995678695,17.0,16,-5.882352941176472,9.333333333333334,10,7.14285714285714,18.666666666666668,27,44.64285714285714
full_relational_one_doc_20260923_205119,swe-agent,instance_internetarchive__openlibrary-00bec1e7c8f3272c469a58e1377df03f955ed478-v13642507b4fc1f8d234172bf8129942da2c2ca26,True,,True,397201.666667,258334,-34.96150150432823,20.666666666666668,17,-17.741935483870975,12.333333333333334,14,13.513513513513509,67.0,64,-4.477611940298509
full_relational_one_doc_20260923_205119,swe-agent,instance_internetarchive__openlibrary-60725705782832a2cb22e17c49697948a42a9d03-v298a7a812ceed28c4c18355a091f1b268fe56d86,True,,True,213129.0,82736,-61.18031802335675,27.0,12,-55.55555555555556,15.0,6,-60.0,3.3333333333333335,9,169.99999999999997
full_relational_one_doc_20260923_205119,swe-agent,instance_internetarchive__openlibrary-72321288ea790a3ace9e36f1c05b68c93f7eec43-v0f5aece3601a5b4419f7ccec1dbda2071be28ee4,True,,True,216942.333333,224177,3.334833988300012,17.666666666666668,22,24.52830188679245,10.666666666666666,13,21.875,28.666666666666668,37,29.06976744186045
full_relational_one_doc_20260923_205119,swe-agent,instance_internetarchive__openlibrary-e010b2a13697de70170033902ba2e27a1e1acbe9-v0f5aece3601a5b4419f7ccec1dbda2071be28ee4,True,,True,486487.0,666309,36.963372094218336,27.333333333333332,33,20.731707317073166,15.666666666666666,19,21.27659574468086,9.333333333333334,11,17.85714285714286
full_relational_one_doc_20260923_205119,swe-agent,instance_internetarchive__openlibrary-e1e502986a3b003899a8347ac8a7ff7b08cbfc39-v08d8e8889ec945ab821fb156c04c7d2e2810debb,True,,True,709216.666667,650725,-8.24736211317264,28.666666666666668,28,-2.3255813953488413,18.666666666666668,19,1.7857142857142794,123.0,122,-0.8130081300813052
full_relational_one_doc_20260923_205119,swe-agent,instance_internetarchive__openlibrary-e8084193a895d8ee81200f49093389a3887479ce-ve8c8d62a2b60610a3c4631f5f23ed866bada9818,True,,True,920845.333333,982928,6.741921191291889,21.0,17,-19.047619047619047,9.0,9,0.0,8.0,13,62.5
full_relational_one_doc_20260923_205119,swe-agent,instance_internetarchive__openlibrary-fdbc0d8f418333c7e575c40b661b582c301ef7ac-v13642507b4fc1f8d234172bf8129942da2c2ca26,True,,False,419490.333333,449987,7.269933117336258,20.333333333333332,23,13.11475409836067,9.0,9,0.0,12.333333333333334,23,86.48648648648647
full_relational_one_doc_20260923_205119,swe-agent,instance_qutebrowser__qutebrowser-0d2afd58f3d0e34af21cee7d8a3fc9d855594e9f-vnan,True,,True,287424.333333,328502,14.291645453486645,20.0,21,5.000000000000004,12.666666666666666,13,2.6315789473684292,44.666666666666664,56,25.373134328358216
full_relational_one_doc_20260923_205119,swe-agent,instance_qutebrowser__qutebrowser-1943fa072ec3df5a87e18a23b0916f134c131016-vafb3e8e01b31319c66c4e666b8a3b1d8ba55db24,True,,True,268447.666667,327551,22.016705925149882,16.666666666666668,22,31.999999999999986,11.333333333333334,13,14.705882352941169,38.666666666666664,45,16.3793103448276
full_relational_one_doc_20260923_205119,swe-agent,instance_qutebrowser__qutebrowser-1a9e74bfaf9a9db2a510dc14572d33ded6040a57-v2ef375ac784985212b1805e1d0431dc8f1b3c171,True,,True,223599.333333,75852,-66.0768219344215,17.0,13,-23.529411764705888,10.0,7,-30.000000000000004,37.666666666666664,48,27.43362831858407
full_relational_one_doc_20260923_205119,swe-agent,instance_qutebrowser__qutebrowser-394bfaed6544c952c6b3463751abab3176ad4997-vafb3e8e01b31319c66c4e666b8a3b1d8ba55db24,True,,True,596042.0,1074263,80.23276883172663,27.333333333333332,32,17.073170731707332,21.333333333333332,26,21.875,551.6666666666666,560,1.5105740181268867
full_relational_one_doc_20260923_205119,swe-agent,instance_qutebrowser__qutebrowser-46e6839e21d9ff72abb6c5d49d5abaa5a8da8a81-v2ef375ac784985212b1805e1d0431dc8f1b3c171,True,,True,517058.333333,219999,-57.45180266569372,25.0,14,-43.99999999999999,12.333333333333334,8,-35.135135135135144,49.666666666666664,56,12.751677852349008
full_relational_one_doc_20260923_205119,swe-agent,instance_qutebrowser__qutebrowser-479aa075ac79dc975e2e949e188a328e95bf78ff-vc2f56a753b62a190ddb23cd330c257b9cf560d12,True,,True,316021.0,641986,103.1466263317944,16.333333333333332,26,59.18367346938778,10.333333333333334,12,16.129032258064502,34.0,40,17.647058823529417
full_relational_one_doc_20260923_205119,swe-agent,instance_qutebrowser__qutebrowser-5cef49ff3074f9eab1da6937a141a39a20828502-v02ad04386d5238fe2d1a1be450df257370de4b6a,True,,True,215120.666667,383660,78.34641642957232,15.666666666666666,18,14.893617021276606,8.0,8,0.0,39.333333333333336,46,16.94915254237288
full_relational_one_doc_20260923_205119,swe-agent,instance_qutebrowser__qutebrowser-5e0d6dc1483cb3336ea0e3dcbd4fe4aa00fc1742-v5149fcda2a9a6fe1d35dfed1bade1444a11ef271,True,,True,337341.666667,453270,34.36525777511983,20.333333333333332,25,22.95081967213115,12.0,12,0.0,53.333333333333336,72,34.999999999999986
full_relational_one_doc_20260923_205119,swe-agent,instance_qutebrowser__qutebrowser-7b603dd6bf195e3e723ce08ff64a82b406e3f6b6-v9f8e9d96c85c85a605e382f1510bd08563afc566,True,,True,235955.333333,194133,-17.72468235501877,18.0,15,-16.666666666666664,7.333333333333333,4,-45.454545454545446,63.333333333333336,72,13.684210526315788
full_relational_one_doc_20260923_205119,swe-agent,instance_qutebrowser__qutebrowser-8cd06741bb56cdca49f5cdc0542da97681154315-v5149fcda2a9a6fe1d35dfed1bade1444a11ef271,True,,True,520721.666667,499514,-4.072745196631544,14.0,13,-7.14285714285714,9.0,6,-33.333333333333336,58.333333333333336,65,11.428571428571432
full_relational_one_doc_20260923_205119,swe-agent,instance_qutebrowser__qutebrowser-8d05f0282a271bfd45e614238bd1b555c58b3fc1-v35616345bb8052ea303186706cec663146f0f184,True,,True,259926.666667,293209,12.804508963922112,21.666666666666668,23,6.153846153846154,6.333333333333333,8,26.315789473684227,17.666666666666668,60,239.62264150943392
full_relational_one_doc_20260923_205119,swe-agent,instance_qutebrowser__qutebrowser-e57b6e0eeeb656eb2c84d6547d5a0a7333ecee85-v2ef375ac784985212b1805e1d0431dc8f1b3c171,True,,True,192319.0,352890,83.49201066977261,19.333333333333332,25,29.31034482758621,7.666666666666667,17,121.73913043478262,48.0,65,35.41666666666667
full_relational_one_doc_20260923_205119,swe-agent,instance_qutebrowser__qutebrowser-e70f5b03187bdd40e8bf70f5f3ead840f52d1f42-v02ad04386d5238fe2d1a1be450df257370de4b6a,True,,True,606110.0,280586,-53.70708287274587,24.0,15,-37.5,13.333333333333334,11,-17.500000000000004,37.0,44,18.918918918918926
full_relational_one_doc_20260923_205119,swe-agent,instance_qutebrowser__qutebrowser-ec2dcfce9eee9f808efc17a1b99e227fc4421dea-v5149fcda2a9a6fe1d35dfed1bade1444a11ef271,True,,True,212997.333333,242084,13.655883015927683,24.0,23,-4.1666666666666625,16.666666666666668,18,7.999999999999985,78.0,111,42.307692307692314
full_relational_one_doc_20260923_205119,swe-agent,instance_qutebrowser__qutebrowser-ef5ba1a0360b39f9eff027fbdc57f363597c3c3b-v363c8a7e5ccdf6968fc7ab84a2053ac78036691d,True,,False,849477.333333,1064171,25.27361922944198,31.333333333333332,38,21.27659574468086,17.666666666666668,25,41.50943396226414,77.66666666666667,85,9.4420600858369
full_relational_one_doc_20260923_205119,swe-agent,instance_qutebrowser__qutebrowser-f91ace96223cac8161c16dd061907e138fe85111-v059c6fdc75567943479b23ebca7c07b5e9a7f34c,True,,True,138538.333333,58557,-57.732276265191906,13.333333333333334,10,-25.0,5.333333333333333,4,-25.0,65.0,68,4.615384615384621
full_relational_one_doc_20260923_205119,swe-agent,instance_qutebrowser__qutebrowser-fea33d607fde83cf505b228238cf365936437a63-v9f8e9d96c85c85a605e382f1510bd08563afc566,True,,True,238528.333333,168260,-29.459113871768494,16.666666666666668,12,-28.000000000000004,6.666666666666667,4,-40.0,6.666666666666667,19,185.0
full_relational_one_doc_20260923_205119,opencode,instance_ansible__ansible-0ea40e09d1b35bcb69ff4d9cecf3d0defa4b36e8-v30a923fb5c164d6cd18280c02422f75e611e8fb2,True,,True,273164.666667,192945,-29.366779988713322,11.0,10,-9.090909090909093,14.333333333333334,11,-23.25581395348838,10.333333333333334,14,35.48387096774193
full_relational_one_doc_20260923_205119,opencode,instance_ansible__ansible-0fd88717c953b92ed8a50495d55e630eb5d59166-vba6da65a0f3baefda7a058ebbd0a8dcafb8512f5,True,,True,573913.666667,536269,-6.559290857389966,15.666666666666666,14,-10.638297872340418,20.333333333333332,19,-6.5573770491803245,126.33333333333333,121,-4.221635883905006
full_relational_one_doc_20260923_205119,opencode,instance_ansible__ansible-164881d871964aa64e0f911d03ae270acbad253c-v390e508d27db7a51eece36bb6d9698b63a5b638a,True,,True,401764.333333,426842,6.241884753421978,12.666666666666666,13,2.6315789473684292,19.666666666666668,20,1.6949152542372836,69.66666666666667,80,14.832535885167463
full_relational_one_doc_20260923_205119,opencode,instance_ansible__ansible-189fcb37f973f0b1d52b555728208eeb9a6fce83-v906c969b551b346ef54a2c0b41e04f632b7b73c2,True,,True,685829.333333,368524,-46.26593204915229,18.333333333333332,12,-34.54545454545455,24.333333333333332,18,-26.027397260273965,178.0,166,-6.741573033707871
full_relational_one_doc_20260923_205119,opencode,instance_ansible__ansible-1b70260d5aa2f6c9782fd2b848e8d16566e50d85-vba6da65a0f3baefda7a058ebbd0a8dcafb8512f5,True,,True,1723601.0,1619230,-6.055403773843249,24.666666666666668,30,21.62162162162162,48.0,44,-8.333333333333337,82.66666666666667,81,-2.016129032258074
full_relational_one_doc_20260923_205119,opencode,instance_ansible__ansible-1ee70fc272aff6bf3415357c6e13c5de5b928d9b-v1055803c3a812189a1133297f7f5468579283f86,True,,True,302280.666667,471268,55.90411560100228,13.333333333333334,16,19.999999999999996,15.0,32,113.33333333333333,17.333333333333332,25,44.230769230769255
full_relational_one_doc_20260923_205119,opencode,instance_ansible__ansible-29aea9ff3466e4cd2ed00524b9e56738d568ce8b-vba6da65a0f3baefda7a058ebbd0a8dcafb8512f5,True,,True,376766.666667,365553,-2.976289480754679,12.333333333333334,14,13.513513513513509,16.333333333333332,17,4.081632653061229,115.0,120,4.347826086956519
full_relational_one_doc_20260923_205119,opencode,instance_ansible__ansible-395e5e20fab9cad517243372fa3c3c5d9e09ab2a-v7eee2454f617569fd6889f2211f75bc02a35f9f8,True,,True,1162716.0,908330,-21.878601481359162,20.333333333333332,19,-6.5573770491803245,28.666666666666668,22,-23.25581395348838,303.0,259,-14.52145214521452
full_relational_one_doc_20260923_205119,opencode,instance_ansible__ansible-39bd8b99ec8c6624207bf3556ac7f9626dad9173-v1055803c3a812189a1133297f7f5468579283f86,True,,True,519598.333333,151440,-70.85440997691862,17.0,8,-52.94117647058824,20.333333333333332,14,-31.147540983606557,102.33333333333333,106,3.583061889250816
full_relational_one_doc_20260923_205119,opencode,instance_ansible__ansible-3db08adbb1cc6aa9941be5e0fc810132c6e1fa4b-vba6da65a0f3baefda7a058ebbd0a8dcafb8512f5,True,,True,476341.666667,525265,10.27063907201744,15.0,12,-19.999999999999996,19.333333333333332,20,3.4482758620689724,59.333333333333336,70,17.97752808988764
full_relational_one_doc_20260923_205119,opencode,instance_ansible__ansible-4c5ce5a1a9e79a845aff4978cfeb72a0d4ecf7d6-v1055803c3a812189a1133297f7f5468579283f86,True,,True,2314070.666667,2968101,28.263196226198772,28.0,35,25.0,42.666666666666664,46,7.8125,394.3333333333333,384,-2.6204564666103103
full_relational_one_doc_20260923_205119,opencode,instance_ansible__ansible-5260527c4a71bfed99d803e687dd19619423b134-vba6da65a0f3baefda7a058ebbd0a8dcafb8512f5,True,,True,530413.333333,543276,2.425027023015036,15.0,15,0.0,28.666666666666668,27,-5.813953488372093,33.666666666666664,40,18.81188118811883
full_relational_one_doc_20260923_205119,opencode,instance_ansible__ansible-5c225dc0f5bfa677addeac100a8018df3f3a9db1-v173091e2e36d38c978002990795f66cfc0af30ad,True,,True,536482.333333,378293,-29.486401229695336,17.0,15,-11.764705882352944,22.666666666666668,18,-20.588235294117652,35.333333333333336,52,47.169811320754704
full_relational_one_doc_20260923_205119,opencode,instance_ansible__ansible-5e88cd9972f10b66dd97e1ee684c910c6a2dd25e-v906c969b551b346ef54a2c0b41e04f632b7b73c2,True,,True,863153.333333,844293,-2.1850501648614684,16.666666666666668,17,2.0000000000000018,26.333333333333332,27,2.5316455696202667,231.33333333333334,278,20.172910662824208
full_relational_one_doc_20260923_205119,opencode,instance_ansible__ansible-6cc97447aac5816745278f3735af128afb255c81-v0f01c69f1e2528b935359cfe578530722bca2c59,True,,True,1515579.333333,2162180,42.66359750663939,24.333333333333332,33,35.616438356164394,44.666666666666664,54,20.895522388059717,72.33333333333333,54,-25.34562211981566
full_relational_one_doc_20260923_205119,opencode,instance_ansible__ansible-748f534312f2073a25a87871f5bd05882891b8c4-v0f01c69f1e2528b935359cfe578530722bca2c59,True,,True,544138.333333,755948,38.92570210402315,15.0,22,46.66666666666666,22.0,20,-9.090909090909093,114.33333333333333,132,15.451895043731788
full_relational_one_doc_20260923_205119,opencode,instance_ansible__ansible-77658704217d5f166404fc67997203c25381cb6e-v390e508d27db7a51eece36bb6d9698b63a5b638a,True,,True,617405.333333,648160,4.981276481849317,15.0,18,19.999999999999996,20.666666666666668,18,-12.903225806451612,125.66666666666667,153,21.750663129973468
full_relational_one_doc_20260923_205119,opencode,instance_ansible__ansible-83fb24b923064d3576d473747ebbe62e4535c9e3-vba6da65a0f3baefda7a058ebbd0a8dcafb8512f5,True,,False,570355.0,569599,-0.1325490264835083,18.0,16,-11.111111111111116,24.0,22,-8.333333333333337,53.333333333333336,57,6.874999999999987
full_relational_one_doc_20260923_205119,opencode,instance_ansible__ansible-942424e10b2095a173dbd78e7128f52f7995849b-v30a923fb5c164d6cd18280c02422f75e611e8fb2,True,,True,875507.333333,984439,12.442119274124664,20.0,18,-9.999999999999998,22.333333333333332,23,2.9850746268656803,152.66666666666666,166,8.733624454148469
full_relational_one_doc_20260923_205119,opencode,instance_ansible__ansible-984216f52e76b904e5b0fa0fb956ab4f1e0a7751-v1055803c3a812189a1133297f7f5468579283f86,True,,True,1641018.666667,1895154,15.486437692336729,28.666666666666668,29,1.1627906976744207,41.333333333333336,48,16.129032258064502,262.0,254,-3.053435114503822
full_relational_one_doc_20260923_205119,opencode,instance_ansible__ansible-9a21e247786ebd294dafafca1105fcd770ff46c6-v67cdaa49f89b34e42b69d5b7830b3c3ad3d8803f,True,,True,348194.0,284468,-18.301866201025863,12.666666666666666,13,2.6315789473684292,14.666666666666666,18,22.72727272727273,106.0,109,2.8301886792452935
full_relational_one_doc_20260923_205119,opencode,instance_ansible__ansible-a26c325bd8f6e2822d9d7e62f77a424c1db4fbf6-v0f01c69f1e2528b935359cfe578530722bca2c59,True,,True,797111.0,955940,19.925581255308234,19.333333333333332,19,-1.724137931034475,25.333333333333332,25,-1.3157894736842035,53.0,74,39.622641509433954
full_relational_one_doc_20260923_205119,opencode,instance_ansible__ansible-b2a289dcbb702003377221e25f62c8a3608f0e89-v173091e2e36d38c978002990795f66cfc0af30ad,True,,True,1257030.333333,1191404,-5.220743811248585,22.0,24,9.090909090909083,37.333333333333336,35,-6.250000000000011,139.0,157,12.949640287769792
full_relational_one_doc_20260923_205119,opencode,instance_ansible__ansible-b748edea457a4576847a10275678127895d2f02f-v1055803c3a812189a1133297f7f5468579283f86,True,,True,1012490.0,1268301,25.265533486750492,19.666666666666668,26,32.20338983050848,34.0,43,26.470588235294112,180.33333333333334,98,-45.65619223659889
full_relational_one_doc_20260923_205119,opencode,instance_ansible__ansible-b8025ac160146319d2b875be3366b60c852dd35d-v0f01c69f1e2528b935359cfe578530722bca2c59,True,,False,1858622.666667,2150317,15.694112557880558,25.333333333333332,27,6.578947368421062,37.0,30,-18.918918918918916,104.0,165,58.653846153846146
full_relational_one_doc_20260923_205119,opencode,instance_ansible__ansible-be2c376ab87e3e872ca21697508f12c6909cf85a-vba6da65a0f3baefda7a058ebbd0a8dcafb8512f5,True,,False,487842.333333,269262,-44.80552801550283,16.0,13,-18.75,18.333333333333332,17,-7.2727272727272645,97.0,54,-44.329896907216494
full_relational_one_doc_20260923_205119,opencode,instance_ansible__ansible-be59caa59bf47ca78a4760eb7ff38568372a8260-v1055803c3a812189a1133297f7f5468579283f86,True,,True,646325.666667,487992,-24.497505643478757,18.666666666666668,16,-14.28571428571429,26.333333333333332,23,-12.658227848101266,82.0,61,-25.609756097560975
full_relational_one_doc_20260923_205119,opencode,instance_ansible__ansible-c1f2df47538b884a43320f53e787197793b105e8-v906c969b551b346ef54a2c0b41e04f632b7b73c2,True,,True,1205093.666667,910397,-24.45425404002497,20.333333333333332,17,-16.393442622950815,25.0,36,43.99999999999999,469.6666666666667,562,19.65933286018453
full_relational_one_doc_20260923_205119,opencode,instance_ansible__ansible-cd473dfb2fdbc97acf3293c134b21cbbcfa89ec3-vba6da65a0f3baefda7a058ebbd0a8dcafb8512f5,True,,True,947019.0,330748,-65.07482954407462,20.333333333333332,12,-40.98360655737705,31.333333333333332,19,-39.36170212765957,50.0,57,13.99999999999999
full_relational_one_doc_20260923_205119,opencode,instance_ansible__ansible-cd9c4eb5a6b2bfaf4a6709f001ce3d0c92c1eed2-v0f01c69f1e2528b935359cfe578530722bca2c59,True,,True,750772.666667,419721,-44.09479478477547,14.333333333333334,14,-2.3255813953488413,18.333333333333332,17,-7.2727272727272645,52.0,61,17.307692307692314
full_relational_one_doc_20260923_205119,opencode,instance_ansible__ansible-d30fc6c0b359f631130b0e979d9a78a7b3747d48-v1055803c3a812189a1133297f7f5468579283f86,True,,False,1121957.0,820426,-26.875450663438972,23.0,19,-17.391304347826086,35.0,27,-22.857142857142854,110.66666666666667,148,33.734939759036145
full_relational_one_doc_20260923_205119,opencode,instance_ansible__ansible-d33bedc48fdd933b5abd65a77c081876298e2f07-v0f01c69f1e2528b935359cfe578530722bca2c59,True,,False,1046494.0,231320,-77.89571655451441,22.0,9,-59.09090909090908,35.333333333333336,21,-40.56603773584906,220.0,23,-89.54545454545455
full_relational_one_doc_20260923_205119,opencode,instance_ansible__ansible-d62496fe416623e88b90139dc7917080cb04ce70-v0f01c69f1e2528b935359cfe578530722bca2c59,True,,True,311572.0,413529,32.723415454533786,12.333333333333334,12,-2.7027027027027084,13.333333333333334,15,12.5,65.33333333333333,93,42.34693877551021
full_relational_one_doc_20260923_205119,opencode,instance_ansible__ansible-d6d2251929c84c3aa883bad7db0f19cc9ff0339e-v30a923fb5c164d6cd18280c02422f75e611e8fb2,True,,True,1222718.666667,839619,-31.331791777685748,22.666666666666668,20,-11.764705882352944,32.333333333333336,28,-13.40206185567011,194.0,40,-79.38144329896907
full_relational_one_doc_20260923_205119,opencode,instance_ansible__ansible-deb54e4c5b32a346f1f0b0a14f1c713d2cc2e961-vba6da65a0f3baefda7a058ebbd0a8dcafb8512f5,True,,False,1244372.666667,532971,-57.169502812405824,26.0,16,-38.46153846153846,37.666666666666664,27,-28.31858407079646,48.333333333333336,27,-44.13793103448276
full_relational_one_doc_20260923_205119,opencode,instance_ansible__ansible-e40889e7112ae00a21a2c74312b330e67a766cc0-v1055803c3a812189a1133297f7f5468579283f86,True,,True,1947082.333333,1476131,-24.187540776810877,30.0,28,-6.666666666666665,44.666666666666664,40,-10.447761194029848,494.0,322,-34.81781376518218
full_relational_one_doc_20260923_205119,opencode,instance_ansible__ansible-e64c6c1ca50d7d26a8e7747d8eb87642e767cd74-v0f01c69f1e2528b935359cfe578530722bca2c59,True,,True,358568.333333,280611,-21.74127665105372,13.333333333333334,11,-17.500000000000004,19.0,15,-21.052631578947366,68.0,84,23.529411764705888
full_relational_one_doc_20260923_205119,opencode,instance_ansible__ansible-e9e6001263f51103e96e58ad382660df0f3d0e39-v30a923fb5c164d6cd18280c02422f75e611e8fb2,True,,True,550646.666667,503929,-8.48414591334523,17.0,15,-11.764705882352944,21.0,19,-9.523809523809524,212.66666666666666,219,2.9780564263322873
full_relational_one_doc_20260923_205119,opencode,instance_ansible__ansible-ea04e0048dbb3b63f876aad7020e1de8eee9f362-v1055803c3a812189a1133297f7f5468579283f86,True,,True,1649616.0,1669578,1.2100998050455392,28.0,25,-10.71428571428571,39.333333333333336,40,1.6949152542372836,224.0,184,-17.85714285714286
full_relational_one_doc_20260923_205119,opencode,instance_ansible__ansible-ecea15c508f0e081525be036cf76bbb56dbcdd9d-vba6da65a0f3baefda7a058ebbd0a8dcafb8512f5,True,,False,1252168.333333,975645,-22.0835590528755,25.0,24,-4.0000000000000036,35.333333333333336,28,-20.75471698113208,244.33333333333334,67,-72.57844474761255
full_relational_one_doc_20260923_205119,opencode,instance_ansible__ansible-ed6581e4db2f1bec5a772213c3e186081adc162d-v0f01c69f1e2528b935359cfe578530722bca2c59,True,,True,408939.0,335249,-18.01980246442624,13.0,13,0.0,16.666666666666668,15,-10.000000000000009,40.333333333333336,36,-10.743801652892571
full_relational_one_doc_20260923_205119,opencode,instance_ansible__ansible-eea46a0d1b99a6dadedbb6a3502d599235fa7ec3-v390e508d27db7a51eece36bb6d9698b63a5b638a,True,,True,1102755.0,576658,-47.707514361757596,16.0,11,-31.25,30.666666666666668,22,-28.260869565217394,299.3333333333333,315,5.23385300668151
full_relational_one_doc_20260923_205119,opencode,instance_ansible__ansible-f327e65d11bb905ed9f15996024f857a95592629-vba6da65a0f3baefda7a058ebbd0a8dcafb8512f5,True,,True,655875.0,355973,-45.725481227368014,15.0,11,-26.66666666666667,18.666666666666668,13,-30.35714285714286,9.666666666666666,14,44.827586206896555
full_relational_one_doc_20260923_205119,opencode,instance_ansible__ansible-f8ef34672b961a95ec7282643679492862c688ec-vba6da65a0f3baefda7a058ebbd0a8dcafb8512f5,True,,True,1011912.333333,1259261,24.443685339054234,18.666666666666668,18,-3.571428571428581,32.666666666666664,27,-17.3469387755102,55.666666666666664,39,-29.940119760479035
full_relational_one_doc_20260923_205119,opencode,instance_internetarchive__openlibrary-03095f2680f7516fca35a58e665bf2a41f006273-v8717e18970bcdc4e0d2cea3b1527752b21e74866,True,,False,838751.0,899645,7.2600807629439545,16.333333333333332,17,4.081632653061229,28.666666666666668,21,-26.74418604651163,74.66666666666667,33,-55.80357142857143
full_relational_one_doc_20260923_205119,opencode,instance_internetarchive__openlibrary-308a35d6999427c02b1dbf5211c033ad3b352556-ve8c8d62a2b60610a3c4631f5f23ed866bada9818,True,,False,1067370.0,1190767,11.560845817289223,24.333333333333332,27,10.95890410958904,38.0,36,-5.263157894736848,251.33333333333334,177,-29.575596816976134
full_relational_one_doc_20260923_205119,opencode,instance_internetarchive__openlibrary-30bc73a1395fba2300087c7f307e54bb5372b60a-v76304ecdb3a5954fcf13feb710e8c40fcf24b73c,True,,True,1866460.333333,508490,-72.75645290077112,25.0,12,-52.0,32.333333333333336,27,-16.49484536082475,415.6666666666667,530,27.506014434643134
full_relational_one_doc_20260923_205119,opencode,instance_internetarchive__openlibrary-322d7a46cdc965bfabbf9500e98fde098c9d95b2-v13642507b4fc1f8d234172bf8129942da2c2ca26,True,,True,1625557.0,1067431,-34.3344465927679,27.0,23,-14.814814814814813,25.666666666666668,23,-10.389610389610393,294.0,438,48.979591836734706
full_relational_one_doc_20260923_205119,opencode,instance_internetarchive__openlibrary-3c48b4bb782189e0858e6c3fc7956046cf3e1cfb-v2d9a6c849c60ed19fd0858ce9e40b7cc8e097e59,True,,True,760683.333333,840183,10.451085646725744,16.0,17,6.25,24.666666666666668,26,5.405405405405395,25.0,33,32.00000000000001
full_relational_one_doc_20260923_205119,opencode,instance_internetarchive__openlibrary-58999808a17a26b387f8237860a7a524d1e2d262-v08d8e8889ec945ab821fb156c04c7d2e2810debb,True,,True,662395.333333,430885,-34.95047771065967,16.666666666666668,13,-22.000000000000007,26.333333333333332,26,-1.2658227848101222,93.66666666666667,109,16.37010676156583
full_relational_one_doc_20260923_205119,opencode,instance_internetarchive__openlibrary-5fb312632097be7e9ac6ab657964af115224d15d-v0f5aece3601a5b4419f7ccec1dbda2071be28ee4,True,,True,1426171.666667,1060853,-25.615336162213843,23.0,19,-17.391304347826086,30.333333333333332,33,8.791208791208804,127.33333333333333,167,31.151832460732987
full_relational_one_doc_20260923_205119,opencode,instance_internetarchive__openlibrary-60725705782832a2cb22e17c49697948a42a9d03-v298a7a812ceed28c4c18355a091f1b268fe56d86,True,,True,389691.666667,504847,29.550371019712564,12.666666666666666,15,18.42105263157896,15.333333333333334,22,43.47826086956521,14.0,19,35.71428571428572
full_relational_one_doc_20260923_205119,opencode,instance_internetarchive__openlibrary-6a117fab6c963b74dc1ba907d838e74f76d34a4b-v13642507b4fc1f8d234172bf8129942da2c2ca26,True,,True,485623.333333,417979,-13.929382854965732,14.333333333333334,13,-9.302325581395355,16.0,14,-12.5,11.666666666666666,10,-14.28571428571428
full_relational_one_doc_20260923_205119,opencode,instance_internetarchive__openlibrary-72321288ea790a3ace9e36f1c05b68c93f7eec43-v0f5aece3601a5b4419f7ccec1dbda2071be28ee4,True,,True,436979.333333,367307,-15.944079735209405,14.333333333333334,12,-16.279069767441868,17.0,17,0.0,44.0,47,6.818181818181812
full_relational_one_doc_20260923_205119,opencode,instance_internetarchive__openlibrary-757fcf46c70530739c150c57b37d6375f155dc97-ve8c8d62a2b60610a3c4631f5f23ed866bada9818,True,,False,515727.0,151795,-70.56679212063747,15.333333333333334,8,-47.82608695652174,24.666666666666668,17,-31.081081081081084,195.0,194,-0.512820512820511
full_relational_one_doc_20260923_205119,opencode,instance_internetarchive__openlibrary-798a582540019363d14b2090755cc7b89a350788-v430f20c722405e462d9ef44dee7d34c41e76fe7a,True,,False,883966.333333,774098,-12.429017847177592,21.333333333333332,14,-34.375,36.0,22,-38.888888888888886,259.3333333333333,151,-41.77377892030848
full_relational_one_doc_20260923_205119,opencode,instance_internetarchive__openlibrary-7bf3238533070f2d24bafbb26eedf675d51941f6-v08d8e8889ec945ab821fb156c04c7d2e2810debb,True,,True,1513119.333333,1229786,-18.72511487305446,22.0,19,-13.636363636363635,33.666666666666664,29,-13.861386138613852,97.0,53,-45.36082474226804
full_relational_one_doc_20260923_205119,opencode,instance_internetarchive__openlibrary-7cbfb812ef0e1f9716e2d6e85d538a96fcb79d13-vfa6ff903cb27f336e17654595dd900fa943dcd91,True,,True,226478.666667,77020,-65.99238191681631,10.0,6,-40.0,12.333333333333334,6,-51.35135135135136,6.333333333333333,8,26.315789473684227
full_relational_one_doc_20260923_205119,opencode,instance_internetarchive__openlibrary-7f7e53aa4cf74a4f8549a5bcd4810c527e2f6d7e-v13642507b4fc1f8d234172bf8129942da2c2ca26,True,,True,908307.666667,783738,-13.714479271556035,20.666666666666668,20,-3.2258064516129115,31.333333333333332,30,-4.255319148936165,36.666666666666664,36,-1.8181818181818077
full_relational_one_doc_20260923_205119,opencode,instance_internetarchive__openlibrary-b4f7c185ae5f1824ac7f3a18e8adf6a4b468459c-v08d8e8889ec945ab821fb156c04c7d2e2810debb,True,,True,577373.666667,698915,21.050723361635203,15.333333333333334,18,17.391304347826075,23.333333333333332,22,-5.714285714285705,35.666666666666664,48,34.57943925233646
full_relational_one_doc_20260923_205119,opencode,instance_internetarchive__openlibrary-e390c1212055dd84a262a798e53487e771d3fb64-v8717e18970bcdc4e0d2cea3b1527752b21e74866,True,,True,915458.333333,987272,7.844558736555585,19.333333333333332,23,18.965517241379317,26.666666666666668,26,-2.500000000000002,124.33333333333333,128,2.9490616621983934
full_relational_one_doc_20260923_205119,opencode,instance_internetarchive__openlibrary-e8084193a895d8ee81200f49093389a3887479ce-ve8c8d62a2b60610a3c4631f5f23ed866bada9818,True,,False,597490.0,509009,-14.808783410601013,15.0,14,-6.666666666666665,17.0,17,0.0,23.666666666666668,26,9.859154929577452
full_relational_one_doc_20260923_205119,opencode,instance_qutebrowser__qutebrowser-0833b5f6f140d04200ec91605f88704dd18e2970-v059c6fdc75567943479b23ebca7c07b5e9a7f34c,True,,True,235274.666667,245145,4.195238472899487,10.333333333333334,10,-3.2258064516129115,12.333333333333334,11,-10.81081081081081,4.0,10,150.0
full_relational_one_doc_20260923_205119,opencode,instance_qutebrowser__qutebrowser-0fc6d1109d041c69a68a896db87cf1b8c194cef7-v2ef375ac784985212b1805e1d0431dc8f1b3c171,True,,True,2734387.0,1534726,-43.87312403108997,41.666666666666664,28,-32.8,53.666666666666664,59,9.937888198757761,161.33333333333334,142,-11.98347107438017
full_relational_one_doc_20260923_205119,opencode,instance_qutebrowser__qutebrowser-16de05407111ddd82fa12e54389d532362489da9-v363c8a7e5ccdf6968fc7ab84a2053ac78036691d,True,,True,1358358.333333,1664032,22.503168653367723,21.666666666666668,22,1.538461538461533,30.333333333333332,29,-4.395604395604391,119.33333333333333,123,3.0726256983240274
full_relational_one_doc_20260923_205119,opencode,instance_qutebrowser__qutebrowser-233cb1cc48635130e5602549856a6fa4ab4c087f-v35616345bb8052ea303186706cec663146f0f184,True,,True,1022055.0,358335,-64.93975373145281,22.0,13,-40.90909090909091,36.333333333333336,27,-25.688073394495415,67.0,66,-1.4925373134328401
full_relational_one_doc_20260923_205119,opencode,instance_qutebrowser__qutebrowser-322834d0e6bf17e5661145c9f085b41215c280e8-v488d33dd1b2540b234cbb0468af6b6614941ce8f,True,,True,1114809.666667,1253718,12.460273487608076,21.0,19,-9.523809523809524,29.333333333333332,31,5.681818181818188,97.33333333333333,104,6.849315068493156
full_relational_one_doc_20260923_205119,opencode,instance_qutebrowser__qutebrowser-473a15f7908f2bb6d670b0e908ab34a28d8cf7e2-v363c8a7e5ccdf6968fc7ab84a2053ac78036691d,True,,True,1706585.333333,2074565,21.562336173857034,21.333333333333332,33,54.6875,31.333333333333332,40,27.65957446808511,121.0,155,28.099173553719005
full_relational_one_doc_20260923_205119,opencode,instance_qutebrowser__qutebrowser-50efac08f623644a85441bbe02ab9347d2b71a9d-v9f8e9d96c85c85a605e382f1510bd08563afc566,True,,True,627732.666667,313989,-49.98045877281625,14.666666666666666,12,-18.181818181818176,18.333333333333332,15,-18.181818181818176,45.0,41,-8.888888888888891
full_relational_one_doc_20260923_205119,opencode,instance_qutebrowser__qutebrowser-52708364b5f91e198defb022d1a5b4b3ebd9b563-v2ef375ac784985212b1805e1d0431dc8f1b3c171,True,,True,1356945.333333,975580,-28.104693974389562,24.0,23,-4.1666666666666625,41.0,54,31.70731707317074,47.0,36,-23.404255319148938
full_relational_one_doc_20260923_205119,opencode,instance_qutebrowser__qutebrowser-5cef49ff3074f9eab1da6937a141a39a20828502-v02ad04386d5238fe2d1a1be450df257370de4b6a,True,,True,507019.666667,458322,-9.60468989045815,12.666666666666666,11,-13.157894736842103,15.0,17,13.33333333333333,87.0,93,6.896551724137923
full_relational_one_doc_20260923_205119,opencode,instance_qutebrowser__qutebrowser-5e0d6dc1483cb3336ea0e3dcbd4fe4aa00fc1742-v5149fcda2a9a6fe1d35dfed1bade1444a11ef271,True,,True,1273550.666667,783242,-38.499345137966365,20.333333333333332,18,-11.475409836065564,33.333333333333336,33,-1.000000000000012,64.0,60,-6.25
full_relational_one_doc_20260923_205119,opencode,instance_qutebrowser__qutebrowser-5fdc83e5da6222fe61163395baaad7ae57fa2cb4-v363c8a7e5ccdf6968fc7ab84a2053ac78036691d,True,,True,782513.333333,808560,3.3285907801798187,20.0,17,-15.000000000000002,31.333333333333332,17,-45.744680851063826,117.0,72,-38.46153846153846
full_relational_one_doc_20260923_205119,opencode,instance_qutebrowser__qutebrowser-66cfa15c372fa9e613ea5a82d3b03e4609399fb6-v363c8a7e5ccdf6968fc7ab84a2053ac78036691d,True,,True,1469770.666667,2142038,45.73960744892951,19.666666666666668,29,47.457627118644055,38.666666666666664,37,-4.310344827586199,139.0,178,28.057553956834536
full_relational_one_doc_20260923_205119,opencode,instance_qutebrowser__qutebrowser-6b320dc18662580e1313d2548fdd6231d2a97e6d-v363c8a7e5ccdf6968fc7ab84a2053ac78036691d,True,,True,380545.333333,371319,-2.4245030814571633,14.333333333333334,13,-9.302325581395355,14.0,15,7.14285714285714,36.0,25,-30.555555555555557
full_relational_one_doc_20260923_205119,opencode,instance_qutebrowser__qutebrowser-6dd402c0d0f7665d32a74c43c5b4cf5dc8aff28d-v5fc38aaf22415ab0b70567368332beee7955b367,True,,True,525031.666667,535649,2.02222723067369,16.666666666666668,16,-4.0000000000000036,20.666666666666668,26,25.806451612903224,56.666666666666664,49,-13.529411764705879
full_relational_one_doc_20260923_205119,opencode,instance_qutebrowser__qutebrowser-70248f256f93ed9b1984494d0a1a919ddd774892-v2ef375ac784985212b1805e1d0431dc8f1b3c171,True,,False,1178231.666667,572734,-51.39037455849758,20.333333333333332,13,-36.065573770491795,28.666666666666668,21,-26.74418604651163,55.666666666666664,49,-11.976047904191612
full_relational_one_doc_20260923_205119,opencode,instance_qutebrowser__qutebrowser-7f9713b20f623fc40473b7167a082d6db0f0fd40-va0fd88aac89cde702ec1ba84877234da33adce8a,True,,True,759233.0,687939,-9.390266229207633,17.666666666666668,18,1.8867924528301883,28.0,26,-7.14285714285714,110.33333333333333,83,-24.77341389728096
full_relational_one_doc_20260923_205119,opencode,instance_qutebrowser__qutebrowser-8d05f0282a271bfd45e614238bd1b555c58b3fc1-v35616345bb8052ea303186706cec663146f0f184,True,,True,731827.0,562968,-23.073622591131514,16.333333333333332,14,-14.28571428571428,18.0,18,0.0,46.333333333333336,33,-28.776978417266186
full_relational_one_doc_20260923_205119,opencode,instance_qutebrowser__qutebrowser-8f46ba3f6dc7b18375f7aa63c48a1fe461190430-v2ef375ac784985212b1805e1d0431dc8f1b3c171,True,,True,530640.666667,527537,-0.5848904658013576,14.333333333333334,13,-9.302325581395355,19.666666666666668,21,6.779661016949157,87.66666666666667,95,8.365019011406849
full_relational_one_doc_20260923_205119,opencode,instance_qutebrowser__qutebrowser-a84ecfb80a00f8ab7e341372560458e3f9cfffa2-v2ef375ac784985212b1805e1d0431dc8f1b3c171,True,,True,577471.666667,611469,5.887272968598234,16.333333333333332,16,-2.0408163265306034,22.333333333333332,22,-1.492537313432829,101.33333333333333,111,9.539473684210531
full_relational_one_doc_20260923_205119,opencode,instance_qutebrowser__qutebrowser-e64622cd2df5b521342cf4a62e0d4cb8f8c9ae5a-v363c8a7e5ccdf6968fc7ab84a2053ac78036691d,True,,True,586817.333333,348558,-40.601959042303115,18.666666666666668,12,-35.71428571428572,23.333333333333332,17,-27.142857142857135,41.666666666666664,13,-68.8
full_relational_one_doc_20260923_205119,opencode,instance_qutebrowser__qutebrowser-e70f5b03187bdd40e8bf70f5f3ead840f52d1f42-v02ad04386d5238fe2d1a1be450df257370de4b6a,True,,True,763255.666667,249175,-67.35366524193626,16.0,8,-50.0,24.333333333333332,17,-30.136986301369863,94.0,91,-3.1914893617021267
full_relational_one_doc_20260923_205119,opencode,instance_qutebrowser__qutebrowser-ed19d7f58b2664bb310c7cb6b52c5b9a06ea60b2-v059c6fdc75567943479b23ebca7c07b5e9a7f34c,True,,True,1072698.0,957458,-10.743005020984475,23.333333333333332,24,2.857142857142869,41.333333333333336,36,-12.903225806451612,82.66666666666667,49,-40.72580645161291
full_relational_one_doc_20260923_205119,opencode,instance_qutebrowser__qutebrowser-f91ace96223cac8161c16dd061907e138fe85111-v059c6fdc75567943479b23ebca7c07b5e9a7f34c,True,,True,522302.0,379375,-27.364819587135415,15.0,14,-6.666666666666665,20.666666666666668,22,6.451612903225801,123.0,133,8.130081300813007
full_relational_one_doc_20260923_205119,opencode,instance_qutebrowser__qutebrowser-fcfa069a06ade76d91bac38127f3235c13d78eb1-v5fc38aaf22415ab0b70567368332beee7955b367,True,,True,883806.0,778011,-11.970387166414353,18.0,15,-16.666666666666664,25.0,16,-36.0,98.0,94,-4.081632653061229
full_relational_one_doc_20260923_205119,codex,instance_ansible__ansible-0fd88717c953b92ed8a50495d55e630eb5d59166-vba6da65a0f3baefda7a058ebbd0a8dcafb8512f5,True,,True,572094.333333,893499,56.180361863490006,19.333333333333332,23,18.965517241379317,14.0,13,-7.14285714285714,125.33333333333333,137,9.308510638297873
full_relational_one_doc_20260923_205119,codex,instance_ansible__ansible-11c1777d56664b1acb56b387a1ad6aeadef1391d-v0f01c69f1e2528b935359cfe578530722bca2c59,True,,True,445348.333333,456484,2.5004397307744064,16.333333333333332,14,-14.28571428571428,13.0,11,-15.384615384615385,129.33333333333334,137,5.927835051546393
full_relational_one_doc_20260923_205119,codex,instance_ansible__ansible-12734fa21c08a0ce8c84e533abdc560db2eb1955-v7eee2454f617569fd6889f2211f75bc02a35f9f8,True,,False,598348.666667,300808,-49.726970785177805,23.333333333333332,16,-31.428571428571427,21.333333333333332,11,-48.4375,37.0,24,-35.13513513513513
full_relational_one_doc_20260923_205119,codex,instance_ansible__ansible-164881d871964aa64e0f911d03ae270acbad253c-v390e508d27db7a51eece36bb6d9698b63a5b638a,True,,True,427013.666667,422660,-1.0195614348791127,17.333333333333332,18,3.8461538461538547,12.666666666666666,11,-13.157894736842103,66.0,78,18.181818181818187
full_relational_one_doc_20260923_205119,codex,instance_ansible__ansible-189fcb37f973f0b1d52b555728208eeb9a6fce83-v906c969b551b346ef54a2c0b41e04f632b7b73c2,True,,True,725098.666667,751052,3.5792830032769896,22.0,23,4.545454545454541,15.666666666666666,12,-23.404255319148938,169.0,477,182.24852071005918
full_relational_one_doc_20260923_205119,codex,instance_ansible__ansible-1a4644ff15355fd696ac5b9d074a566a80fe7ca3-v30a923fb5c164d6cd18280c02422f75e611e8fb2,True,,True,729615.0,571626,-21.65374889496515,22.0,25,13.636363636363647,13.0,9,-30.76923076923077,189.66666666666666,225,18.629173989455182
full_relational_one_doc_20260923_205119,codex,instance_ansible__ansible-1b70260d5aa2f6c9782fd2b848e8d16566e50d85-vba6da65a0f3baefda7a058ebbd0a8dcafb8512f5,True,,False,1072465.666667,553555,-48.38482785930726,27.333333333333332,19,-30.487804878048774,28.0,23,-17.85714285714286,64.33333333333333,17,-73.57512953367875
full_relational_one_doc_20260923_205119,codex,instance_ansible__ansible-29aea9ff3466e4cd2ed00524b9e56738d568ce8b-vba6da65a0f3baefda7a058ebbd0a8dcafb8512f5,True,,True,449869.0,295150,-34.392011896796625,20.0,19,-5.000000000000004,14.333333333333334,12,-16.279069767441868,169.0,129,-23.668639053254438
full_relational_one_doc_20260923_205119,codex,instance_ansible__ansible-34db57a47f875d11c4068567b9ec7ace174ec4cf-v1055803c3a812189a1133297f7f5468579283f86,True,,True,573049.666667,579432,1.1137487209653685,19.0,19,0.0,13.666666666666666,14,2.4390243902439046,47.333333333333336,55,16.19718309859155
full_relational_one_doc_20260923_205119,codex,instance_ansible__ansible-379058e10f3dbc0fdcaf80394bd09b18927e7d33-v1055803c3a812189a1133297f7f5468579283f86,True,,True,484069.0,348398,-28.027202733494605,18.666666666666668,17,-8.92857142857143,11.333333333333334,10,-11.764705882352944,83.33333333333333,38,-54.400000000000006
full_relational_one_doc_20260923_205119,codex,instance_ansible__ansible-39bd8b99ec8c6624207bf3556ac7f9626dad9173-v1055803c3a812189a1133297f7f5468579283f86,True,,True,445558.0,336922,-24.382010871760805,17.666666666666668,14,-20.75471698113208,15.0,10,-33.333333333333336,102.33333333333333,110,7.491856677524433
full_relational_one_doc_20260923_205119,codex,instance_ansible__ansible-3db08adbb1cc6aa9941be5e0fc810132c6e1fa4b-vba6da65a0f3baefda7a058ebbd0a8dcafb8512f5,True,,True,384139.0,302253,-21.31676294258068,18.0,15,-16.666666666666664,12.333333333333334,10,-18.918918918918926,50.0,61,21.999999999999996
full_relational_one_doc_20260923_205119,codex,instance_ansible__ansible-415e08c2970757472314e515cb63a51ad825c45e-v7eee2454f617569fd6889f2211f75bc02a35f9f8,True,,True,514794.0,349685,-32.07282913165266,21.0,15,-28.57142857142857,16.666666666666668,16,-4.0000000000000036,113.0,97,-14.15929203539823
full_relational_one_doc_20260923_205119,codex,instance_ansible__ansible-42355d181a11b51ebfc56f6f4b3d9c74e01cb13b-v1055803c3a812189a1133297f7f5468579283f86,True,,True,844619.0,1023565,21.186594192174212,24.0,26,8.333333333333325,17.0,21,23.529411764705888,106.66666666666667,80,-25.0
full_relational_one_doc_20260923_205119,codex,instance_ansible__ansible-4c5ce5a1a9e79a845aff4978cfeb72a0d4ecf7d6-v1055803c3a812189a1133297f7f5468579283f86,True,,True,655067.333333,727470,11.052706032311722,20.333333333333332,23,13.11475409836067,18.0,16,-11.111111111111116,922.0,1346,45.98698481561823
full_relational_one_doc_20260923_205119,codex,instance_ansible__ansible-502270c804c33d3bc963930dc85e0f4ca359674d-v7eee2454f617569fd6889f2211f75bc02a35f9f8,True,,True,417737.666667,495695,18.66179173044116,17.333333333333332,25,44.230769230769255,13.0,18,38.46153846153846,164.66666666666666,241,46.35627530364373
full_relational_one_doc_20260923_205119,codex,instance_ansible__ansible-5e369604e1930b1a2e071fecd7ec5276ebd12cb1-v0f01c69f1e2528b935359cfe578530722bca2c59,True,,True,959871.0,763141,-20.495462411094824,22.666666666666668,21,-7.352941176470596,20.333333333333332,20,-1.6393442622950727,94.33333333333333,122,29.328621908127218
full_relational_one_doc_20260923_205119,codex,instance_ansible__ansible-5e88cd9972f10b66dd97e1ee684c910c6a2dd25e-v906c969b551b346ef54a2c0b41e04f632b7b73c2,True,,True,446666.666667,699960,56.707462686450214,18.333333333333332,24,30.909090909090907,11.333333333333334,18,58.823529411764696,226.33333333333334,250,10.456553755522812
full_relational_one_doc_20260923_205119,codex,instance_ansible__ansible-622a493ae03bd5e5cf517d336fc426e9d12208c7-v906c969b551b346ef54a2c0b41e04f632b7b73c2,True,,True,561688.666667,890145,58.47658192607381,18.333333333333332,26,41.81818181818182,16.666666666666668,20,19.999999999999996,267.0,279,4.494382022471921
full_relational_one_doc_20260923_205119,codex,instance_ansible__ansible-77658704217d5f166404fc67997203c25381cb6e-v390e508d27db7a51eece36bb6d9698b63a5b638a,True,,True,474042.0,515401,8.724754346661268,17.333333333333332,19,9.615384615384626,12.666666666666666,14,10.526315789473696,128.33333333333334,198,54.28571428571427
full_relational_one_doc_20260923_205119,codex,instance_ansible__ansible-7e1a347695c7987ae56ef1b6919156d9254010ad-v390e508d27db7a51eece36bb6d9698b63a5b638a,True,,True,690107.0,720745,4.4396013951459645,22.333333333333332,30,34.32835820895524,15.333333333333334,14,-8.695652173913048,458.6666666666667,467,1.8168604651162656
full_relational_one_doc_20260923_205119,codex,instance_ansible__ansible-8127abbc298cabf04aaa89a478fc5e5e3432a6fc-v30a923fb5c164d6cd18280c02422f75e611e8fb2,True,,False,766181.666667,597726,-21.98638704053131,21.666666666666668,20,-7.692307692307699,15.333333333333334,21,36.95652173913042,317.6666666666667,75,-76.3903462749213
full_relational_one_doc_20260923_205119,codex,instance_ansible__ansible-83909bfa22573777e3db5688773bda59721962ad-vba6da65a0f3baefda7a058ebbd0a8dcafb8512f5,True,,True,1007735.666667,902557,-10.437128519512417,25.666666666666668,24,-6.493506493506496,21.0,24,14.28571428571428,211.0,217,2.8436018957346043
full_relational_one_doc_20260923_205119,codex,instance_ansible__ansible-83fb24b923064d3576d473747ebbe62e4535c9e3-vba6da65a0f3baefda7a058ebbd0a8dcafb8512f5,True,,True,434550.0,494644,13.829018524910829,19.666666666666668,18,-8.474576271186452,13.0,10,-23.076923076923073,58.0,64,10.344827586206895
full_relational_one_doc_20260923_205119,codex,instance_ansible__ansible-9142be2f6cabbe6597c9254c5bb9186d17036d55-v0f01c69f1e2528b935359cfe578530722bca2c59,True,,False,420629.0,633026,50.495091874312045,16.0,20,25.0,12.666666666666666,8,-36.84210526315789,83.66666666666667,50,-40.239043824701206
full_relational_one_doc_20260923_205119,codex,instance_ansible__ansible-942424e10b2095a173dbd78e7128f52f7995849b-v30a923fb5c164d6cd18280c02422f75e611e8fb2,True,,True,737321.333333,588837,-20.138347640341404,22.333333333333332,17,-23.880597014925364,15.0,15,0.0,161.66666666666666,171,5.7731958762886615
full_relational_one_doc_20260923_205119,codex,instance_ansible__ansible-949c503f2ef4b2c5d668af0492a5c0db1ab86140-v0f01c69f1e2528b935359cfe578530722bca2c59,True,,False,1455002.666667,1552573,6.705852543659319,32.333333333333336,31,-4.123711340206193,21.333333333333332,35,64.0625,188.33333333333334,134,-28.84955752212389
full_relational_one_doc_20260923_205119,codex,instance_ansible__ansible-9a21e247786ebd294dafafca1105fcd770ff46c6-v67cdaa49f89b34e42b69d5b7830b3c3ad3d8803f,True,,True,452052.333333,381562,-15.593401058959689,18.333333333333332,15,-18.181818181818176,10.666666666666666,9,-15.625,106.33333333333333,117,10.031347962382453
full_relational_one_doc_20260923_205119,codex,instance_ansible__ansible-a02e22e902a69aeb465f16bf03f7f5a91b2cb828-vba6da65a0f3baefda7a058ebbd0a8dcafb8512f5,True,,True,1036642.0,816064,-21.278126875044613,23.666666666666668,21,-11.267605633802823,21.666666666666668,24,10.769230769230752,31.333333333333332,42,34.04255319148937
full_relational_one_doc_20260923_205119,codex,instance_ansible__ansible-a20a52701402a12f91396549df04ac55809f68e9-v1055803c3a812189a1133297f7f5468579283f86,True,,True,605345.0,419884,-30.637239921036763,20.333333333333332,17,-16.393442622950815,13.333333333333334,13,-2.500000000000002,74.33333333333333,76,2.2421524663677195
full_relational_one_doc_20260923_205119,codex,instance_ansible__ansible-a26c325bd8f6e2822d9d7e62f77a424c1db4fbf6-v0f01c69f1e2528b935359cfe578530722bca2c59,True,,False,858501.666667,491844,-42.70902211413191,22.666666666666668,18,-20.588235294117652,14.0,9,-35.71428571428571,54.333333333333336,53,-2.4539877300613577
full_relational_one_doc_20260923_205119,codex,instance_ansible__ansible-a6e671db25381ed111bbad0ab3e7d97366395d05-v0f01c69f1e2528b935359cfe578530722bca2c59,True,,True,217166.333333,185648,-14.513452821745709,13.0,12,-7.692307692307687,7.333333333333333,8,9.090909090909104,74.33333333333333,120,61.43497757847533
full_relational_one_doc_20260923_205119,codex,instance_ansible__ansible-b6290e1d156af608bd79118d209a64a051c55001-v390e508d27db7a51eece36bb6d9698b63a5b638a,True,,True,958673.666667,1054095,9.953473914095223,27.0,44,62.962962962962955,18.666666666666668,21,12.5,713.3333333333334,763,6.96261682242989
full_relational_one_doc_20260923_205119,codex,instance_ansible__ansible-b748edea457a4576847a10275678127895d2f02f-v1055803c3a812189a1133297f7f5468579283f86,True,,True,1136354.666667,720053,-36.634835837656134,29.666666666666668,20,-32.58426966292135,19.666666666666668,22,11.864406779661007,152.66666666666666,147,-3.7117903930130924
full_relational_one_doc_20260923_205119,codex,instance_ansible__ansible-be2c376ab87e3e872ca21697508f12c6909cf85a-vba6da65a0f3baefda7a058ebbd0a8dcafb8512f5,True,,True,342350.333333,289955,-15.304595390019882,17.333333333333332,14,-19.23076923076923,11.666666666666666,10,-14.28571428571428,106.0,91,-14.150943396226412
full_relational_one_doc_20260923_205119,codex,instance_ansible__ansible-be59caa59bf47ca78a4760eb7ff38568372a8260-v1055803c3a812189a1133297f7f5468579283f86,True,,True,424874.333333,578994,36.274176756685115,19.0,21,10.526315789473696,12.666666666666666,15,18.42105263157896,70.66666666666667,71,0.4716981132075304
full_relational_one_doc_20260923_205119,codex,instance_ansible__ansible-c1f2df47538b884a43320f53e787197793b105e8-v906c969b551b346ef54a2c0b41e04f632b7b73c2,True,,True,538558.333333,981220,82.19381992057946,19.333333333333332,30,55.172413793103445,16.333333333333332,17,4.081632653061229,752.0,762,1.3297872340425565
full_relational_one_doc_20260923_205119,codex,instance_ansible__ansible-c616e54a6e23fa5616a1d56d243f69576164ef9b-v1055803c3a812189a1133297f7f5468579283f86,True,,True,1185830.666667,1288158,8.629169088754484,26.666666666666668,26,-2.500000000000002,22.0,22,0.0,2245.0,718,-68.01781737193764
full_relational_one_doc_20260923_205119,codex,instance_ansible__ansible-cb94c0cc550df9e98f1247bc71d8c2b861c75049-v1055803c3a812189a1133297f7f5468579283f86,True,,True,616100.333333,522154,-15.248544474041426,19.666666666666668,16,-18.644067796610177,18.333333333333332,15,-18.181818181818176,35.0,41,17.14285714285715
full_relational_one_doc_20260923_205119,codex,instance_ansible__ansible-cd473dfb2fdbc97acf3293c134b21cbbcfa89ec3-vba6da65a0f3baefda7a058ebbd0a8dcafb8512f5,True,,True,619083.666667,555392,-10.28805476485931,20.666666666666668,19,-8.064516129032262,15.666666666666666,22,40.42553191489362,46.333333333333336,50,7.913669064748197
full_relational_one_doc_20260923_205119,codex,instance_ansible__ansible-cd9c4eb5a6b2bfaf4a6709f001ce3d0c92c1eed2-v0f01c69f1e2528b935359cfe578530722bca2c59,True,,True,751898.666667,423160,-43.72113972807341,19.666666666666668,14,-28.8135593220339,11.666666666666666,12,2.857142857142869,49.0,66,34.6938775510204
full_relational_one_doc_20260923_205119,codex,instance_ansible__ansible-d2f80991180337e2be23d6883064a67dcbaeb662-vba6da65a0f3baefda7a058ebbd0a8dcafb8512f5,True,,False,1077019.0,2960961,174.9218908858618,26.0,49,88.46153846153845,21.666666666666668,25,15.384615384615374,221.66666666666666,182,-17.894736842105264
full_relational_one_doc_20260923_205119,codex,instance_ansible__ansible-d30fc6c0b359f631130b0e979d9a78a7b3747d48-v1055803c3a812189a1133297f7f5468579283f86,True,,True,1048483.333333,1585759,51.24312896410728,26.666666666666668,31,16.249999999999986,15.0,18,19.999999999999996,106.66666666666667,135,26.5625
full_relational_one_doc_20260923_205119,codex,instance_ansible__ansible-d62496fe416623e88b90139dc7917080cb04ce70-v0f01c69f1e2528b935359cfe578530722bca2c59,True,,True,226072.0,198066,-12.38808875048657,14.0,13,-7.14285714285714,8.666666666666666,9,3.8461538461538547,65.33333333333333,28,-57.14285714285714
full_relational_one_doc_20260923_205119,codex,instance_ansible__ansible-d72025be751c894673ba85caa063d835a0ad3a8c-v390e508d27db7a51eece36bb6d9698b63a5b638a,True,,False,703698.333333,934113,32.74338672590895,22.0,22,0.0,21.0,17,-19.047619047619047,773.6666666666666,26,-96.63937957776821
full_relational_one_doc_20260923_205119,codex,instance_ansible__ansible-d9f1866249756efc264b00ff7497e92c11a9885f-v0f01c69f1e2528b935359cfe578530722bca2c59,True,,True,413341.333333,315895,-23.57526951085106,18.0,15,-16.666666666666664,13.666666666666666,15,9.756097560975618,31.333333333333332,41,30.85106382978724
full_relational_one_doc_20260923_205119,codex,instance_ansible__ansible-de01db08d00c8d2438e1ba5989c313ba16a145b0-vba6da65a0f3baefda7a058ebbd0a8dcafb8512f5,True,,True,496835.333333,469813,-5.438891222112119,20.0,17,-15.000000000000002,15.666666666666666,17,8.510638297872353,45.666666666666664,51,11.678832116788328
full_relational_one_doc_20260923_205119,codex,instance_ansible__ansible-deb54e4c5b32a346f1f0b0a14f1c713d2cc2e961-vba6da65a0f3baefda7a058ebbd0a8dcafb8512f5,True,,True,1189399.666667,979867,-17.616674406355237,28.333333333333332,26,-8.23529411764705,20.333333333333332,16,-21.311475409836056,55.666666666666664,50,-10.179640718562865
full_relational_one_doc_20260923_205119,codex,instance_ansible__ansible-e0c91af45fa9af575d10fd3e724ebc59d2b2d6ac-v30a923fb5c164d6cd18280c02422f75e611e8fb2,True,,True,174647.333333,173581,-0.6105637645018147,11.666666666666666,11,-5.714285714285705,5.333333333333333,6,12.5,9.0,15,66.66666666666667
full_relational_one_doc_20260923_205119,codex,instance_ansible__ansible-e40889e7112ae00a21a2c74312b330e67a766cc0-v1055803c3a812189a1133297f7f5468579283f86,True,,True,912392.333333,1066268,16.865076683063208,22.333333333333332,24,7.462686567164178,24.666666666666668,20,-18.918918918918926,847.0,581,-31.404958677685947
full_relational_one_doc_20260923_205119,codex,instance_ansible__ansible-e9e6001263f51103e96e58ad382660df0f3d0e39-v30a923fb5c164d6cd18280c02422f75e611e8fb2,True,,True,520864.666667,569577,9.352205371254874,19.666666666666668,20,1.6949152542372836,9.333333333333334,11,17.85714285714286,216.66666666666666,213,-1.692307692307693
full_relational_one_doc_20260923_205119,codex,instance_ansible__ansible-ea04e0048dbb3b63f876aad7020e1de8eee9f362-v1055803c3a812189a1133297f7f5468579283f86,True,,True,867320.0,1373599,58.37280357884056,25.0,35,39.99999999999999,22.0,16,-27.27272727272727,386.6666666666667,176,-54.48275862068965
full_relational_one_doc_20260923_205119,codex,instance_ansible__ansible-ed6581e4db2f1bec5a772213c3e186081adc162d-v0f01c69f1e2528b935359cfe578530722bca2c59,True,,True,404476.0,489392,20.99407628635568,18.333333333333332,18,-1.8181818181818077,8.666666666666666,11,26.923076923076938,39.666666666666664,38,-4.201680672268903
full_relational_one_doc_20260923_205119,codex,instance_ansible__ansible-f327e65d11bb905ed9f15996024f857a95592629-vba6da65a0f3baefda7a058ebbd0a8dcafb8512f5,True,,True,426531.666667,299255,-29.83991028416816,17.333333333333332,14,-19.23076923076923,9.666666666666666,9,-6.896551724137923,12.666666666666666,16,26.315789473684227
full_relational_one_doc_20260923_205119,codex,instance_ansible__ansible-f8ef34672b961a95ec7282643679492862c688ec-vba6da65a0f3baefda7a058ebbd0a8dcafb8512f5,True,,True,886148.333333,700880,-20.907146847093284,21.666666666666668,18,-16.92307692307693,16.0,17,6.25,52.0,56,7.692307692307687
full_relational_one_doc_20260923_205119,codex,instance_internetarchive__openlibrary-00bec1e7c8f3272c469a58e1377df03f955ed478-v13642507b4fc1f8d234172bf8129942da2c2ca26,True,,True,465417.666667,402199,-13.58321163864028,17.333333333333332,16,-7.692307692307687,10.333333333333334,14,35.48387096774193,95.0,117,23.15789473684211
full_relational_one_doc_20260923_205119,codex,instance_internetarchive__openlibrary-09865f5fb549694d969f0a8e49b9d204ef1853ca-ve8c8d62a2b60610a3c4631f5f23ed866bada9818,True,,True,442374.333333,387007,-12.515946148105728,18.333333333333332,17,-7.2727272727272645,8.0,6,-25.0,71.33333333333333,58,-18.69158878504672
full_relational_one_doc_20260923_205119,codex,instance_internetarchive__openlibrary-1351c59fd43689753de1fca32c78d539a116ffc1-v29f82c9cf21d57b242f8d8b0e541525d259e2d63,True,,True,603280.666667,831303,37.79705631754715,21.666666666666668,22,1.538461538461533,13.666666666666666,15,9.756097560975618,59.666666666666664,64,7.2625698324022325
full_relational_one_doc_20260923_205119,codex,instance_internetarchive__openlibrary-308a35d6999427c02b1dbf5211c033ad3b352556-ve8c8d62a2b60610a3c4631f5f23ed866bada9818,True,,True,702753.666667,366210,-47.889279363443194,27.0,19,-29.629629629629626,16.333333333333332,20,22.44897959183674,237.66666666666666,254,6.872370266479666
full_relational_one_doc_20260923_205119,codex,instance_internetarchive__openlibrary-322d7a46cdc965bfabbf9500e98fde098c9d95b2-v13642507b4fc1f8d234172bf8129942da2c2ca26,True,,True,664724.666667,463494,-30.272784621637694,22.666666666666668,17,-25.0,18.666666666666668,19,1.7857142857142794,537.0,652,21.415270018621978
full_relational_one_doc_20260923_205119,codex,instance_internetarchive__openlibrary-53d376b148897466bb86d5accb51912bbbe9a8ed-v08d8e8889ec945ab821fb156c04c7d2e2810debb,True,,True,674498.0,463105,-31.340789742890262,21.333333333333332,15,-29.6875,13.666666666666666,10,-26.82926829268293,71.33333333333333,43,-39.719626168224295
full_relational_one_doc_20260923_205119,codex,instance_internetarchive__openlibrary-5fb312632097be7e9ac6ab657964af115224d15d-v0f5aece3601a5b4419f7ccec1dbda2071be28ee4,True,,True,1085022.333333,1297108,19.54666370926299,27.333333333333332,33,20.731707317073166,19.0,39,105.26315789473686,94.0,122,29.78723404255319
full_relational_one_doc_20260923_205119,codex,instance_internetarchive__openlibrary-60725705782832a2cb22e17c49697948a42a9d03-v298a7a812ceed28c4c18355a091f1b268fe56d86,True,,True,322611.666667,196680,-39.03506279485755,15.666666666666666,13,-17.021276595744684,12.666666666666666,9,-28.947368421052634,13.333333333333334,23,72.49999999999999
full_relational_one_doc_20260923_205119,codex,instance_internetarchive__openlibrary-6fdbbeee4c0a7e976ff3e46fb1d36f4eb110c428-v08d8e8889ec945ab821fb156c04c7d2e2810debb,True,,True,626570.333333,657980,5.012951459083359,20.666666666666668,21,1.6129032258064502,19.666666666666668,17,-13.559322033898313,290.0,296,2.0689655172413834
full_relational_one_doc_20260923_205119,codex,instance_internetarchive__openlibrary-72321288ea790a3ace9e36f1c05b68c93f7eec43-v0f5aece3601a5b4419f7ccec1dbda2071be28ee4,True,,True,370876.666667,404576,9.086398892615621,16.666666666666668,17,2.0000000000000018,10.333333333333334,12,16.129032258064502,43.666666666666664,52,19.083969465648853
full_relational_one_doc_20260923_205119,codex,instance_internetarchive__openlibrary-757fcf46c70530739c150c57b37d6375f155dc97-ve8c8d62a2b60610a3c4631f5f23ed866bada9818,True,,True,441769.333333,438900,-0.6495093969859478,18.333333333333332,20,9.090909090909104,9.333333333333334,10,7.14285714285714,177.33333333333334,194,9.398496240601496
full_relational_one_doc_20260923_205119,codex,instance_internetarchive__openlibrary-77c16d530b4d5c0f33d68bead2c6b329aee9b996-ve8c8d62a2b60610a3c4631f5f23ed866bada9818,True,,False,874755.333333,423397,-51.598237373784364,23.333333333333332,19,-18.571428571428573,17.0,17,0.0,178.0,135,-24.157303370786522
full_relational_one_doc_20260923_205119,codex,instance_internetarchive__openlibrary-798a582540019363d14b2090755cc7b89a350788-v430f20c722405e462d9ef44dee7d34c41e76fe7a,True,,True,1179912.666667,697298,-40.90257527536193,30.0,22,-26.66666666666667,18.0,18,0.0,219.66666666666666,308,40.21244309559939
full_relational_one_doc_20260923_205119,codex,instance_internetarchive__openlibrary-7f7e53aa4cf74a4f8549a5bcd4810c527e2f6d7e-v13642507b4fc1f8d234172bf8129942da2c2ca26,True,,False,580770.666667,705509,21.478070517725012,21.333333333333332,22,3.125,15.333333333333334,20,30.434782608695656,31.0,50,61.29032258064515
full_relational_one_doc_20260923_205119,codex,instance_internetarchive__openlibrary-8a9d9d323dfcf2a5b4f38d70b1108b030b20ebf3-v13642507b4fc1f8d234172bf8129942da2c2ca26,True,,True,579946.666667,1544787,166.36707973131647,18.666666666666668,47,151.78571428571428,15.0,21,39.99999999999999,346.3333333333333,485,40.03849855630415
full_relational_one_doc_20260923_205119,codex,instance_internetarchive__openlibrary-92db3454aeaa02f89b4cdbc3103f7e95c9759f92-v2c55207218fb8a0138425cbf7d9675272e240b90,True,,True,553994.333333,516514,-6.7654723302866255,19.333333333333332,20,3.4482758620689724,16.666666666666668,16,-4.0000000000000036,10.0,19,89.99999999999999
full_relational_one_doc_20260923_205119,codex,instance_internetarchive__openlibrary-9c392b60e2c6fa1d68cb68084b4b4ff04d0cb35c-v2d9a6c849c60ed19fd0858ce9e40b7cc8e097e59,True,,True,295286.666667,334863,13.402682139261968,16.0,17,6.25,10.333333333333334,15,45.161290322580626,7.0,25,257.14285714285717
full_relational_one_doc_20260923_205119,codex,instance_internetarchive__openlibrary-9cd47f4dc21e273320d9e30d889c864f8cb20ccf-v0f5aece3601a5b4419f7ccec1dbda2071be28ee4,True,,False,691367.666667,1052496,52.23390545206663,18.666666666666668,25,33.928571428571416,15.333333333333334,16,4.347826086956519,75.66666666666667,81,7.048458149779724
full_relational_one_doc_20260923_205119,codex,instance_internetarchive__openlibrary-a7b7dc5735a1b3a9824376b1b469b556dd413981-va4315b5dc369c1ef66ae22f9ae4267aa3114e1b3,True,,True,799877.0,851133,6.407985227728763,25.0,25,0.0,16.333333333333332,15,-8.163265306122447,67.66666666666667,64,-5.418719211822665
full_relational_one_doc_20260923_205119,codex,instance_internetarchive__openlibrary-bb152d23c004f3d68986877143bb0f83531fe401-ve8c8d62a2b60610a3c4631f5f23ed866bada9818,True,,True,1388557.666667,1368277,-1.4605563134932886,29.333333333333332,27,-7.954545454545448,27.666666666666668,27,-2.4096385542168752,677.6666666666666,674,-0.5410723069355527
full_relational_one_doc_20260923_205119,codex,instance_internetarchive__openlibrary-d40ec88713dc95ea791b252f92d2f7b75e107440-v13642507b4fc1f8d234172bf8129942da2c2ca26,True,,False,1147565.0,1238874,7.95676061922419,24.0,25,4.166666666666674,31.666666666666668,22,-30.526315789473692,306.3333333333333,118,-61.47986942328618
full_relational_one_doc_20260923_205119,codex,instance_internetarchive__openlibrary-e010b2a13697de70170033902ba2e27a1e1acbe9-v0f5aece3601a5b4419f7ccec1dbda2071be28ee4,True,,True,527134.0,382501,-27.43761548297018,18.0,14,-22.22222222222222,17.0,12,-29.411764705882348,31.333333333333332,9,-71.27659574468085
full_relational_one_doc_20260923_205119,codex,instance_internetarchive__openlibrary-e1e502986a3b003899a8347ac8a7ff7b08cbfc39-v08d8e8889ec945ab821fb156c04c7d2e2810debb,True,,True,1416334.0,1160415,-18.06911364127388,30.0,28,-6.666666666666665,23.666666666666668,22,-7.042253521126762,171.0,173,1.1695906432748648
full_relational_one_doc_20260923_205119,codex,instance_internetarchive__openlibrary-fad4a40acf5ff5f06cd7441a5c7baf41a7d81fe4-vfa6ff903cb27f336e17654595dd900fa943dcd91,True,,True,328446.333333,381960,16.292971251636533,17.0,18,5.882352941176472,11.666666666666666,9,-22.857142857142854,48.333333333333336,56,15.862068965517228
full_relational_one_doc_20260923_205119,codex,instance_qutebrowser__qutebrowser-0833b5f6f140d04200ec91605f88704dd18e2970-v059c6fdc75567943479b23ebca7c07b5e9a7f34c,True,,True,212706.0,266976,25.514089870525524,12.0,14,16.666666666666675,8.666666666666666,10,15.384615384615397,4.0,14,250.0
full_relational_one_doc_20260923_205119,codex,instance_qutebrowser__qutebrowser-0fc6d1109d041c69a68a896db87cf1b8c194cef7-v2ef375ac784985212b1805e1d0431dc8f1b3c171,True,,True,1170286.0,1833003,56.62863607699315,28.333333333333332,32,12.941176470588234,20.666666666666668,23,11.290322580645151,116.0,129,11.206896551724132
full_relational_one_doc_20260923_205119,codex,instance_qutebrowser__qutebrowser-16de05407111ddd82fa12e54389d532362489da9-v363c8a7e5ccdf6968fc7ab84a2053ac78036691d,True,,True,1374003.666667,1284104,-6.542898599759539,27.666666666666668,28,1.2048192771084265,16.0,22,37.5,132.33333333333334,157,18.639798488664972
full_relational_one_doc_20260923_205119,codex,instance_qutebrowser__qutebrowser-1a9e74bfaf9a9db2a510dc14572d33ded6040a57-v2ef375ac784985212b1805e1d0431dc8f1b3c171,True,,True,792205.666667,518564,-34.54174568307198,22.333333333333332,18,-19.402985074626866,14.333333333333334,7,-51.162790697674424,72.0,60,-16.666666666666664
full_relational_one_doc_20260923_205119,codex,instance_qutebrowser__qutebrowser-1af602b258b97aaba69d2585ed499d95e2303ac2-v2ef375ac784985212b1805e1d0431dc8f1b3c171,True,,False,568218.666667,297133,-47.70798331161965,20.666666666666668,14,-32.25806451612904,6.666666666666667,4,-40.0,12.666666666666666,19,50.0
full_relational_one_doc_20260923_205119,codex,instance_qutebrowser__qutebrowser-21b426b6a20ec1cc5ecad770730641750699757b-v363c8a7e5ccdf6968fc7ab84a2053ac78036691d,True,,False,545610.666667,567403,3.994117905744754,21.0,23,9.523809523809534,10.666666666666666,8,-25.0,47.333333333333336,42,-11.267605633802823
full_relational_one_doc_20260923_205119,codex,instance_qutebrowser__qutebrowser-233cb1cc48635130e5602549856a6fa4ab4c087f-v35616345bb8052ea303186706cec663146f0f184,True,,True,1071667.666667,1210961,12.997810577435542,28.0,28,0.0,18.0,20,11.111111111111116,72.33333333333333,73,0.9216589861751112
full_relational_one_doc_20260923_205119,codex,instance_qutebrowser__qutebrowser-2e961080a85d660148937ee8f0f6b3445a8f2c01-v363c8a7e5ccdf6968fc7ab84a2053ac78036691d,True,,True,758832.666667,1183374,55.94663382082656,22.0,26,18.181818181818187,18.666666666666668,14,-25.0,62.666666666666664,84,34.04255319148937
full_relational_one_doc_20260923_205119,codex,instance_qutebrowser__qutebrowser-322834d0e6bf17e5661145c9f085b41215c280e8-v488d33dd1b2540b234cbb0468af6b6614941ce8f,True,,True,751733.666667,697371,-7.231639219782526,22.666666666666668,21,-7.352941176470596,13.333333333333334,19,42.50000000000001,88.0,92,4.545454545454541
full_relational_one_doc_20260923_205119,codex,instance_qutebrowser__qutebrowser-36ade4bba504eb96f05d32ceab9972df7eb17bcc-v2ef375ac784985212b1805e1d0431dc8f1b3c171,True,,False,387815.333333,223107,-42.47081514736608,17.666666666666668,13,-26.415094339622648,10.333333333333334,6,-41.93548387096775,94.66666666666667,79,-16.549295774647888
full_relational_one_doc_20260923_205119,codex,instance_qutebrowser__qutebrowser-394bfaed6544c952c6b3463751abab3176ad4997-vafb3e8e01b31319c66c4e666b8a3b1d8ba55db24,True,,True,814832.666667,1300918,59.654620294162775,21.666666666666668,30,38.46153846153846,19.0,32,68.42105263157893,653.3333333333334,654,0.10204081632652073
full_relational_one_doc_20260923_205119,codex,instance_qutebrowser__qutebrowser-44e64199ed38003253f0296badd4a447645067b6-v2ef375ac784985212b1805e1d0431dc8f1b3c171,True,,True,394836.0,358092,-9.306142297054976,16.333333333333332,17,4.081632653061229,7.666666666666667,9,17.391304347826075,80.0,86,7.499999999999996
full_relational_one_doc_20260923_205119,codex,instance_qutebrowser__qutebrowser-46e6839e21d9ff72abb6c5d49d5abaa5a8da8a81-v2ef375ac784985212b1805e1d0431dc8f1b3c171,True,,True,537881.0,725092,34.80528220926189,18.666666666666668,22,17.85714285714286,14.333333333333334,18,25.581395348837212,69.33333333333333,75,8.173076923076938
full_relational_one_doc_20260923_205119,codex,instance_qutebrowser__qutebrowser-479aa075ac79dc975e2e949e188a328e95bf78ff-vc2f56a753b62a190ddb23cd330c257b9cf560d12,True,,True,517780.666667,525392,1.4699917982637034,17.0,17,0.0,10.666666666666666,8,-25.0,70.66666666666667,67,-5.188679245283023
full_relational_one_doc_20260923_205119,codex,instance_qutebrowser__qutebrowser-50efac08f623644a85441bbe02ab9347d2b71a9d-v9f8e9d96c85c85a605e382f1510bd08563afc566,True,,True,500285.333333,692395,38.40001972217082,16.0,19,18.75,8.0,10,25.0,47.0,45,-4.255319148936165
full_relational_one_doc_20260923_205119,codex,instance_qutebrowser__qutebrowser-52708364b5f91e198defb022d1a5b4b3ebd9b563-v2ef375ac784985212b1805e1d0431dc8f1b3c171,True,,True,1352813.333333,1087476,-19.613743211657585,30.333333333333332,31,2.197802197802212,24.333333333333332,23,-5.47945205479452,48.0,46,-4.1666666666666625
full_relational_one_doc_20260923_205119,codex,instance_qutebrowser__qutebrowser-5cef49ff3074f9eab1da6937a141a39a20828502-v02ad04386d5238fe2d1a1be450df257370de4b6a,True,,True,392850.333333,309341,-21.25728967174205,16.333333333333332,14,-14.28571428571428,11.333333333333334,12,5.882352941176472,84.0,93,10.71428571428572
full_relational_one_doc_20260923_205119,codex,instance_qutebrowser__qutebrowser-5e0d6dc1483cb3336ea0e3dcbd4fe4aa00fc1742-v5149fcda2a9a6fe1d35dfed1bade1444a11ef271,True,,True,611055.333333,557311,-8.79533004643812,19.333333333333332,19,-1.724137931034475,16.0,12,-25.0,54.0,47,-12.962962962962965
full_relational_one_doc_20260923_205119,codex,instance_qutebrowser__qutebrowser-5fdc83e5da6222fe61163395baaad7ae57fa2cb4-v363c8a7e5ccdf6968fc7ab84a2053ac78036691d,True,,True,634324.333333,473461,-25.35979228287808,22.666666666666668,19,-16.176470588235304,12.666666666666666,15,18.42105263157896,117.0,124,5.982905982905984
full_relational_one_doc_20260923_205119,codex,instance_qutebrowser__qutebrowser-6b320dc18662580e1313d2548fdd6231d2a97e6d-v363c8a7e5ccdf6968fc7ab84a2053ac78036691d,True,,True,293990.333333,312949,6.448738110557417,17.0,18,5.882352941176472,5.0,6,19.999999999999996,19.666666666666668,25,27.118644067796605
full_relational_one_doc_20260923_205119,codex,instance_qutebrowser__qutebrowser-7b603dd6bf195e3e723ce08ff64a82b406e3f6b6-v9f8e9d96c85c85a605e382f1510bd08563afc566,True,,True,339604.0,307882,-9.340879377156918,16.666666666666668,13,-22.000000000000007,8.666666666666666,4,-53.84615384615385,69.66666666666667,70,0.4784688995215225
full_relational_one_doc_20260923_205119,codex,instance_qutebrowser__qutebrowser-7f9713b20f623fc40473b7167a082d6db0f0fd40-va0fd88aac89cde702ec1ba84877234da33adce8a,True,,True,558496.666667,564177,1.017075601703965,17.666666666666668,19,7.547169811320753,15.333333333333334,14,-8.695652173913048,107.33333333333333,85,-20.80745341614907
full_relational_one_doc_20260923_205119,codex,instance_qutebrowser__qutebrowser-85b867fe8d4378c8e371f055c70452f546055854-v2ef375ac784985212b1805e1d0431dc8f1b3c171,True,,True,753216.666667,1038020,37.81160799232721,23.333333333333332,24,2.857142857142869,16.333333333333332,16,-2.0408163265306034,46.666666666666664,64,37.142857142857146
full_relational_one_doc_20260923_205119,codex,instance_qutebrowser__qutebrowser-8cd06741bb56cdca49f5cdc0542da97681154315-v5149fcda2a9a6fe1d35dfed1bade1444a11ef271,True,,True,956164.0,721878,-24.50270037357608,22.666666666666668,21,-7.352941176470596,15.0,15,0.0,79.33333333333333,84,5.882352941176472
full_relational_one_doc_20260923_205119,codex,instance_qutebrowser__qutebrowser-8d05f0282a271bfd45e614238bd1b555c58b3fc1-v35616345bb8052ea303186706cec663146f0f184,True,,True,662302.666667,583417,-11.91081821608655,22.0,20,-9.090909090909093,11.333333333333334,8,-29.41176470588236,50.666666666666664,69,36.184210526315795
full_relational_one_doc_20260923_205119,codex,instance_qutebrowser__qutebrowser-8f46ba3f6dc7b18375f7aa63c48a1fe461190430-v2ef375ac784985212b1805e1d0431dc8f1b3c171,True,,True,531207.0,410822,-22.662540215019757,19.666666666666668,17,-13.559322033898313,11.333333333333334,10,-11.764705882352944,89.0,95,6.741573033707859
full_relational_one_doc_20260923_205119,codex,instance_qutebrowser__qutebrowser-996487c43e4fcc265b541f9eca1e7930e3c5cf05-v2ef375ac784985212b1805e1d0431dc8f1b3c171,True,,True,616471.666667,564991,-8.350856892634518,19.0,17,-10.526315789473683,13.0,11,-15.384615384615385,33.666666666666664,30,-10.89108910891089
full_relational_one_doc_20260923_205119,codex,instance_qutebrowser__qutebrowser-a25e8a09873838ca9efefd36ea8a45170bbeb95c-vc2f56a753b62a190ddb23cd330c257b9cf560d12,True,,True,439408.333333,411170,-6.426444650880104,17.666666666666668,15,-15.094339622641517,12.333333333333334,10,-18.918918918918926,64.0,70,9.375
full_relational_one_doc_20260923_205119,codex,instance_qutebrowser__qutebrowser-cf06f4e3708f886032d4d2a30108c2fddb042d81-v2ef375ac784985212b1805e1d0431dc8f1b3c171,True,,True,545086.333333,344990,-36.709108465348116,18.333333333333332,18,-1.8181818181818077,11.333333333333334,8,-29.41176470588236,75.0,78,4.0000000000000036
full_relational_one_doc_20260923_205119,codex,instance_qutebrowser__qutebrowser-de4a1c1a2839b5b49c3d4ce21d39de48d24e2091-v2ef375ac784985212b1805e1d0431dc8f1b3c171,True,,True,818274.666667,750027,-8.34043499659921,24.333333333333332,24,-1.3698630136986245,12.333333333333334,19,54.054054054054056,436.6666666666667,552,26.412213740458014
full_relational_one_doc_20260923_205119,codex,instance_qutebrowser__qutebrowser-deeb15d6f009b3ca0c3bd503a7cef07462bd16b4-v363c8a7e5ccdf6968fc7ab84a2053ac78036691d,True,,False,557337.333333,938274,68.34938983701575,24.333333333333332,27,10.95890410958904,12.0,7,-41.666666666666664,35.666666666666664,51,42.990654205607484
full_relational_one_doc_20260923_205119,codex,instance_qutebrowser__qutebrowser-e57b6e0eeeb656eb2c84d6547d5a0a7333ecee85-v2ef375ac784985212b1805e1d0431dc8f1b3c171,True,,True,437571.666667,512974,17.231996282424422,18.0,19,5.555555555555558,11.666666666666666,13,11.428571428571432,54.333333333333336,61,12.269938650306745
full_relational_one_doc_20260923_205119,codex,instance_qutebrowser__qutebrowser-e64622cd2df5b521342cf4a62e0d4cb8f8c9ae5a-v363c8a7e5ccdf6968fc7ab84a2053ac78036691d,True,,True,391480.333333,660801,68.79545247498069,18.333333333333332,23,25.454545454545464,8.333333333333334,12,43.99999999999999,42.666666666666664,66,54.6875
full_relational_one_doc_20260923_205119,codex,instance_qutebrowser__qutebrowser-e70f5b03187bdd40e8bf70f5f3ead840f52d1f42-v02ad04386d5238fe2d1a1be450df257370de4b6a,True,,True,617476.0,711151,15.170630113559081,19.333333333333332,18,-6.896551724137923,15.333333333333334,8,-47.82608695652174,71.33333333333333,93,30.373831775700943
full_relational_one_doc_20260923_205119,codex,instance_qutebrowser__qutebrowser-ebfe9b7aa0c4ba9d451f993e08955004aaec4345-v059c6fdc75567943479b23ebca7c07b5e9a7f34c,True,,True,774841.333333,791701,2.175886332041399,27.0,19,-29.629629629629626,21.666666666666668,11,-49.23076923076923,394.0,400,1.522842639593902
full_relational_one_doc_20260923_205119,codex,instance_qutebrowser__qutebrowser-ef5ba1a0360b39f9eff027fbdc57f363597c3c3b-v363c8a7e5ccdf6968fc7ab84a2053ac78036691d,True,,True,1128639.666667,759915,-32.66983055414714,24.666666666666668,19,-22.972972972972972,21.0,18,-14.28571428571429,81.33333333333333,95,16.803278688524603
full_relational_one_doc_20260923_205119,codex,instance_qutebrowser__qutebrowser-f91ace96223cac8161c16dd061907e138fe85111-v059c6fdc75567943479b23ebca7c07b5e9a7f34c,True,,True,422604.333333,418104,-1.0649046822371,17.666666666666668,19,7.547169811320753,12.0,12,0.0,123.0,129,4.878048780487809
full_relational_one_doc_20260923_205119,codex,instance_qutebrowser__qutebrowser-fd6790fe8c02b144ab2464f1fc8ab3d02ce3c476-v2ef375ac784985212b1805e1d0431dc8f1b3c171,True,,True,1070944.333333,1353593,26.392470445904404,29.0,32,10.344827586206895,24.0,20,-16.666666666666664,175.66666666666666,178,1.3282732447817969
full_relational_one_doc_20260923_205119,codex,instance_qutebrowser__qutebrowser-fea33d607fde83cf505b228238cf365936437a63-v9f8e9d96c85c85a605e382f1510bd08563afc566,True,,True,344718.666667,477239,38.443039541289295,13.666666666666666,17,24.390243902439025,10.333333333333334,15,45.161290322580626,14.333333333333334,31,116.27906976744184
full_relational_preserve_one_20260926_125500,swe-agent,instance_ansible__ansible-0ea40e09d1b35bcb69ff4d9cecf3d0defa4b36e8-v30a923fb5c164d6cd18280c02422f75e611e8fb2,True,,True,55136.666667,23456,-57.45843661231208,12.0,10,-16.666666666666664,4.666666666666667,4,-14.28571428571429,4.666666666666667,13,178.57142857142856
full_relational_preserve_one_20260926_125500,swe-agent,instance_ansible__ansible-0fd88717c953b92ed8a50495d55e630eb5d59166-vba6da65a0f3baefda7a058ebbd0a8dcafb8512f5,True,,True,390961.0,495803,26.816485531804958,22.333333333333332,23,2.9850746268656803,14.666666666666666,8,-45.454545454545446,90.66666666666667,151,66.54411764705881
full_relational_preserve_one_20260926_125500,swe-agent,instance_ansible__ansible-185d41031660a676c43fbb781cd1335902024bfe-vba6da65a0f3baefda7a058ebbd0a8dcafb8512f5,True,,False,373082.333333,899837,141.18992501229948,22.0,26,18.181818181818187,14.0,17,21.42857142857142,68.0,65,-4.411764705882348
full_relational_preserve_one_20260926_125500,swe-agent,instance_ansible__ansible-1a4644ff15355fd696ac5b9d074a566a80fe7ca3-v30a923fb5c164d6cd18280c02422f75e611e8fb2,True,,True,217490.0,495691,127.91438686836179,18.0,29,61.111111111111114,11.0,9,-18.181818181818176,113.0,44,-61.061946902654874
full_relational_preserve_one_20260926_125500,swe-agent,instance_ansible__ansible-29aea9ff3466e4cd2ed00524b9e56738d568ce8b-vba6da65a0f3baefda7a058ebbd0a8dcafb8512f5,True,,True,240788.333333,552302,129.37240868567744,19.333333333333332,29,50.0,9.0,17,88.88888888888889,51.666666666666664,71,37.41935483870969
full_relational_preserve_one_20260926_125500,swe-agent,instance_ansible__ansible-379058e10f3dbc0fdcaf80394bd09b18927e7d33-v1055803c3a812189a1133297f7f5468579283f86,True,,True,110859.666667,104289,-5.927012830317224,14.333333333333334,14,-2.3255813953488413,8.333333333333334,8,-4.0000000000000036,18.0,33,83.33333333333333
full_relational_preserve_one_20260926_125500,swe-agent,instance_ansible__ansible-502270c804c33d3bc963930dc85e0f4ca359674d-v7eee2454f617569fd6889f2211f75bc02a35f9f8,True,,True,222832.0,263873,18.41791125152581,17.333333333333332,20,15.384615384615397,11.666666666666666,10,-14.28571428571428,163.66666666666666,80,-51.12016293279022
full_relational_preserve_one_20260926_125500,swe-agent,instance_ansible__ansible-5260527c4a71bfed99d803e687dd19619423b134-vba6da65a0f3baefda7a058ebbd0a8dcafb8512f5,True,,True,319850.666667,373542,16.786375308355584,24.0,28,16.666666666666675,13.666666666666666,17,24.390243902439025,20.333333333333332,43,111.47540983606557
full_relational_preserve_one_20260926_125500,swe-agent,instance_ansible__ansible-622a493ae03bd5e5cf517d336fc426e9d12208c7-v906c969b551b346ef54a2c0b41e04f632b7b73c2,True,,True,346309.666667,366963,5.963833909626204,20.666666666666668,19,-8.064516129032262,12.333333333333334,11,-10.81081081081081,248.66666666666666,284,14.20911528150135
full_relational_preserve_one_20260926_125500,swe-agent,instance_ansible__ansible-6cc97447aac5816745278f3735af128afb255c81-v0f01c69f1e2528b935359cfe578530722bca2c59,True,,True,894955.0,644566,-27.977831287606637,30.0,25,-16.666666666666664,17.0,11,-35.29411764705882,53.0,95,79.24528301886792
full_relational_preserve_one_20260926_125500,swe-agent,instance_ansible__ansible-8127abbc298cabf04aaa89a478fc5e5e3432a6fc-v30a923fb5c164d6cd18280c02422f75e611e8fb2,True,,True,305737.666667,416226,36.138279766928584,18.333333333333332,20,9.090909090909104,12.666666666666666,15,18.42105263157896,237.0,241,1.6877637130801704
full_relational_preserve_one_20260926_125500,swe-agent,instance_ansible__ansible-9759e0ca494de1fd5fc2df2c5d11c57adbe6007c-v1055803c3a812189a1133297f7f5468579283f86,True,,False,401718.333333,511598,27.352415249596397,19.666666666666668,32,62.71186440677965,13.666666666666666,15,9.756097560975618,87.0,29,-66.66666666666667
full_relational_preserve_one_20260926_125500,swe-agent,instance_ansible__ansible-984216f52e76b904e5b0fa0fb956ab4f1e0a7751-v1055803c3a812189a1133297f7f5468579283f86,True,,True,650148.333333,451802,-30.507858463033056,27.666666666666668,24,-13.253012048192769,18.666666666666668,17,-8.92857142857143,292.0,298,2.0547945205479534
full_relational_preserve_one_20260926_125500,swe-agent,instance_ansible__ansible-a6e671db25381ed111bbad0ab3e7d97366395d05-v0f01c69f1e2528b935359cfe578530722bca2c59,True,,True,157804.333333,241287,52.902645259325176,16.0,23,43.75,8.0,12,50.0,23.666666666666668,63,166.19718309859155
full_relational_preserve_one_20260926_125500,swe-agent,instance_ansible__ansible-c1f2df47538b884a43320f53e787197793b105e8-v906c969b551b346ef54a2c0b41e04f632b7b73c2,True,,True,274530.666667,211919,-22.80680239739724,19.666666666666668,16,-18.644067796610177,13.333333333333334,12,-10.000000000000009,553.0,562,1.6274864376130127
full_relational_preserve_one_20260926_125500,swe-agent,instance_ansible__ansible-c616e54a6e23fa5616a1d56d243f69576164ef9b-v1055803c3a812189a1133297f7f5468579283f86,True,,True,620621.666667,754397,21.5550536692394,27.666666666666668,26,-6.024096385542177,22.0,21,-4.545454545454541,641.6666666666666,655,2.0779220779220786
full_relational_preserve_one_20260926_125500,swe-agent,instance_ansible__ansible-cb94c0cc550df9e98f1247bc71d8c2b861c75049-v1055803c3a812189a1133297f7f5468579283f86,True,,True,798083.0,577643,-27.62118726999573,24.0,22,-8.333333333333337,14.0,12,-14.28571428571429,25.666666666666668,40,55.84415584415583
full_relational_preserve_one_20260926_125500,swe-agent,instance_ansible__ansible-cd9c4eb5a6b2bfaf4a6709f001ce3d0c92c1eed2-v0f01c69f1e2528b935359cfe578530722bca2c59,True,,True,300640.333333,854850,184.3430854811944,22.333333333333332,38,70.1492537313433,13.0,20,53.846153846153854,26.333333333333332,32,21.518987341772156
full_relational_preserve_one_20260926_125500,swe-agent,instance_ansible__ansible-d58e69c82d7edd0583dd8e78d76b075c33c3151e-v173091e2e36d38c978002990795f66cfc0af30ad,True,,False,324595.0,1175715,262.20983071211816,20.0,51,154.99999999999997,13.0,18,38.46153846153846,136.0,94,-30.88235294117647
full_relational_preserve_one_20260926_125500,swe-agent,instance_ansible__ansible-d62496fe416623e88b90139dc7917080cb04ce70-v0f01c69f1e2528b935359cfe578530722bca2c59,True,,True,134355.333333,180130,34.06985456509375,15.666666666666666,17,8.510638297872353,8.0,10,25.0,22.333333333333332,31,38.80597014925373
full_relational_preserve_one_20260926_125500,swe-agent,instance_ansible__ansible-e64c6c1ca50d7d26a8e7747d8eb87642e767cd74-v0f01c69f1e2528b935359cfe578530722bca2c59,True,,True,257837.0,320130,24.159837416662455,19.333333333333332,18,-6.896551724137923,10.666666666666666,10,-6.25,24.333333333333332,32,31.506849315068507
full_relational_preserve_one_20260926_125500,swe-agent,instance_ansible__ansible-ed6581e4db2f1bec5a772213c3e186081adc162d-v0f01c69f1e2528b935359cfe578530722bca2c59,True,,True,113527.666667,181265,59.665925779737506,13.666666666666666,20,46.34146341463414,6.0,9,50.0,19.0,25,31.578947368421062
full_relational_preserve_one_20260926_125500,swe-agent,instance_ansible__ansible-eea46a0d1b99a6dadedbb6a3502d599235fa7ec3-v390e508d27db7a51eece36bb6d9698b63a5b638a,True,,True,460119.0,323910,-29.602994008071825,19.666666666666668,18,-8.474576271186452,15.0,11,-26.66666666666667,447.0,471,5.369127516778516
full_relational_preserve_one_20260926_125500,swe-agent,instance_ansible__ansible-f8ef34672b961a95ec7282643679492862c688ec-vba6da65a0f3baefda7a058ebbd0a8dcafb8512f5,True,,True,940980.333333,801595,-14.812778587974318,33.333333333333336,29,-13.00000000000001,21.333333333333332,16,-25.0,23.666666666666668,23,-2.8169014084507116
full_relational_preserve_one_20260926_125500,swe-agent,instance_internetarchive__openlibrary-00bec1e7c8f3272c469a58e1377df03f955ed478-v13642507b4fc1f8d234172bf8129942da2c2ca26,True,,True,397201.666667,383342,-3.4893274198215862,20.666666666666668,22,6.451612903225801,12.333333333333334,15,21.62162162162162,67.0,75,11.940298507462677
full_relational_preserve_one_20260926_125500,swe-agent,instance_internetarchive__openlibrary-60725705782832a2cb22e17c49697948a42a9d03-v298a7a812ceed28c4c18355a091f1b268fe56d86,True,,True,213129.0,272024,27.633498960723312,27.0,31,14.814814814814813,15.0,12,-19.999999999999996,3.3333333333333335,9,169.99999999999997
full_relational_preserve_one_20260926_125500,swe-agent,instance_internetarchive__openlibrary-72321288ea790a3ace9e36f1c05b68c93f7eec43-v0f5aece3601a5b4419f7ccec1dbda2071be28ee4,True,,True,216942.333333,272880,25.784578697758075,17.666666666666668,24,35.849056603773576,10.666666666666666,13,21.875,28.666666666666668,19,-33.720930232558146
full_relational_preserve_one_20260926_125500,swe-agent,instance_internetarchive__openlibrary-e010b2a13697de70170033902ba2e27a1e1acbe9-v0f5aece3601a5b4419f7ccec1dbda2071be28ee4,True,,True,486487.0,614264,26.26524449779748,27.333333333333332,27,-1.2195121951219523,15.666666666666666,15,-4.255319148936165,9.333333333333334,8,-14.28571428571429
full_relational_preserve_one_20260926_125500,swe-agent,instance_internetarchive__openlibrary-e1e502986a3b003899a8347ac8a7ff7b08cbfc39-v08d8e8889ec945ab821fb156c04c7d2e2810debb,True,,True,709216.666667,1178632,66.18785984529119,28.666666666666668,41,43.023255813953476,18.666666666666668,12,-35.71428571428572,123.0,114,-7.317073170731703
full_relational_preserve_one_20260926_125500,swe-agent,instance_internetarchive__openlibrary-e8084193a895d8ee81200f49093389a3887479ce-ve8c8d62a2b60610a3c4631f5f23ed866bada9818,True,,False,920845.333333,311686,-66.15218769998515,21.0,24,14.28571428571428,9.0,10,11.111111111111116,8.0,14,75.0
full_relational_preserve_one_20260926_125500,swe-agent,instance_internetarchive__openlibrary-fdbc0d8f418333c7e575c40b661b582c301ef7ac-v13642507b4fc1f8d234172bf8129942da2c2ca26,True,,True,419490.333333,408950,-2.512652258099324,20.333333333333332,22,8.196721311475418,9.0,14,55.55555555555556,12.333333333333334,15,21.62162162162162
full_relational_preserve_one_20260926_125500,swe-agent,instance_qutebrowser__qutebrowser-0d2afd58f3d0e34af21cee7d8a3fc9d855594e9f-vnan,True,,True,287424.333333,244386,-14.973796001863649,20.0,17,-15.000000000000002,12.666666666666666,13,2.6315789473684292,44.666666666666664,63,41.044776119403004
full_relational_preserve_one_20260926_125500,swe-agent,instance_qutebrowser__qutebrowser-1943fa072ec3df5a87e18a23b0916f134c131016-vafb3e8e01b31319c66c4e666b8a3b1d8ba55db24,True,,True,268447.666667,165283,-38.430085069419576,16.666666666666668,15,-10.000000000000009,11.333333333333334,10,-11.764705882352944,38.666666666666664,49,26.724137931034498
full_relational_preserve_one_20260926_125500,swe-agent,instance_qutebrowser__qutebrowser-1a9e74bfaf9a9db2a510dc14572d33ded6040a57-v2ef375ac784985212b1805e1d0431dc8f1b3c171,True,,True,223599.333333,440071,96.81230415146858,17.0,28,64.70588235294117,10.0,15,50.0,37.666666666666664,38,0.8849557522123908
full_relational_preserve_one_20260926_125500,swe-agent,instance_qutebrowser__qutebrowser-394bfaed6544c952c6b3463751abab3176ad4997-vafb3e8e01b31319c66c4e666b8a3b1d8ba55db24,True,,False,596042.0,662131,11.087977021753503,27.333333333333332,29,6.0975609756097615,21.333333333333332,26,21.875,551.6666666666666,640,16.012084592145026
full_relational_preserve_one_20260926_125500,swe-agent,instance_qutebrowser__qutebrowser-46e6839e21d9ff72abb6c5d49d5abaa5a8da8a81-v2ef375ac784985212b1805e1d0431dc8f1b3c171,True,,True,517058.333333,385212,-25.499315035328387,25.0,18,-28.000000000000004,12.333333333333334,12,-2.7027027027027084,49.666666666666664,61,22.818791946308735
full_relational_preserve_one_20260926_125500,swe-agent,instance_qutebrowser__qutebrowser-479aa075ac79dc975e2e949e188a328e95bf78ff-vc2f56a753b62a190ddb23cd330c257b9cf560d12,True,,True,316021.0,306992,-2.857088611199887,16.333333333333332,16,-2.0408163265306034,10.333333333333334,12,16.129032258064502,34.0,65,91.1764705882353
full_relational_preserve_one_20260926_125500,swe-agent,instance_qutebrowser__qutebrowser-5cef49ff3074f9eab1da6937a141a39a20828502-v02ad04386d5238fe2d1a1be450df257370de4b6a,True,,True,215120.666667,524971,144.03559552585367,15.666666666666666,22,40.42553191489362,8.0,6,-25.0,39.333333333333336,51,29.66101694915253
full_relational_preserve_one_20260926_125500,swe-agent,instance_qutebrowser__qutebrowser-5e0d6dc1483cb3336ea0e3dcbd4fe4aa00fc1742-v5149fcda2a9a6fe1d35dfed1bade1444a11ef271,True,,True,337341.666667,305913,-9.316568266683811,20.333333333333332,19,-6.5573770491803245,12.0,13,8.333333333333325,53.333333333333336,77,44.374999999999986
full_relational_preserve_one_20260926_125500,swe-agent,instance_qutebrowser__qutebrowser-7b603dd6bf195e3e723ce08ff64a82b406e3f6b6-v9f8e9d96c85c85a605e382f1510bd08563afc566,True,,True,235955.333333,214143,-9.24426374470485,18.0,18,0.0,7.333333333333333,6,-18.181818181818176,63.333333333333336,78,23.15789473684211
full_relational_preserve_one_20260926_125500,swe-agent,instance_qutebrowser__qutebrowser-8cd06741bb56cdca49f5cdc0542da97681154315-v5149fcda2a9a6fe1d35dfed1bade1444a11ef271,True,,True,520721.666667,518981,-0.3342796696249484,14.0,27,92.85714285714286,9.0,14,55.55555555555556,58.333333333333336,73,25.14285714285713
full_relational_preserve_one_20260926_125500,swe-agent,instance_qutebrowser__qutebrowser-8d05f0282a271bfd45e614238bd1b555c58b3fc1-v35616345bb8052ea303186706cec663146f0f184,True,,True,259926.666667,586758,125.73982405264852,21.666666666666668,34,56.92307692307692,6.333333333333333,13,105.26315789473686,17.666666666666668,57,222.64150943396226
full_relational_preserve_one_20260926_125500,swe-agent,instance_qutebrowser__qutebrowser-e57b6e0eeeb656eb2c84d6547d5a0a7333ecee85-v2ef375ac784985212b1805e1d0431dc8f1b3c171,True,,True,192319.0,142002,-26.163301597866038,19.333333333333332,17,-12.06896551724137,7.666666666666667,10,30.434782608695656,48.0,48,0.0
full_relational_preserve_one_20260926_125500,swe-agent,instance_qutebrowser__qutebrowser-e70f5b03187bdd40e8bf70f5f3ead840f52d1f42-v02ad04386d5238fe2d1a1be450df257370de4b6a,True,,True,606110.0,548537,-9.498770850175708,24.0,22,-8.333333333333337,13.333333333333334,11,-17.500000000000004,37.0,45,21.62162162162162
full_relational_preserve_one_20260926_125500,swe-agent,instance_qutebrowser__qutebrowser-ec2dcfce9eee9f808efc17a1b99e227fc4421dea-v5149fcda2a9a6fe1d35dfed1bade1444a11ef271,True,,True,212997.333333,175496,-17.606480206196018,24.0,16,-33.333333333333336,16.666666666666668,10,-40.0,78.0,110,41.025641025641036
full_relational_preserve_one_20260926_125500,swe-agent,instance_qutebrowser__qutebrowser-ef5ba1a0360b39f9eff027fbdc57f363597c3c3b-v363c8a7e5ccdf6968fc7ab84a2053ac78036691d,True,,False,849477.333333,554713,-34.699493649402726,31.333333333333332,29,-7.4468085106382915,17.666666666666668,19,7.547169811320753,77.66666666666667,84,8.154506437768227
full_relational_preserve_one_20260926_125500,swe-agent,instance_qutebrowser__qutebrowser-f91ace96223cac8161c16dd061907e138fe85111-v059c6fdc75567943479b23ebca7c07b5e9a7f34c,True,,True,138538.333333,359114,159.21634204795117,13.333333333333334,26,95.0,5.333333333333333,10,87.5,65.0,70,7.692307692307687
full_relational_preserve_one_20260926_125500,swe-agent,instance_qutebrowser__qutebrowser-fea33d607fde83cf505b228238cf365936437a63-v9f8e9d96c85c85a605e382f1510bd08563afc566,True,,True,238528.333333,131028,-45.06816101503674,16.666666666666668,12,-28.000000000000004,6.666666666666667,5,-25.0,6.666666666666667,12,79.99999999999999
full_relational_preserve_one_20260926_125500,opencode,instance_ansible__ansible-0ea40e09d1b35bcb69ff4d9cecf3d0defa4b36e8-v30a923fb5c164d6cd18280c02422f75e611e8fb2,True,,True,273164.666667,230463,-15.632207191369751,11.0,9,-18.181818181818176,14.333333333333334,10,-30.23255813953488,10.333333333333334,18,74.19354838709677
full_relational_preserve_one_20260926_125500,opencode,instance_ansible__ansible-0fd88717c953b92ed8a50495d55e630eb5d59166-vba6da65a0f3baefda7a058ebbd0a8dcafb8512f5,True,,True,573913.666667,506662,-11.71808071021616,15.666666666666666,15,-4.255319148936165,20.333333333333332,24,18.032786885245898,126.33333333333333,200,58.311345646438006
full_relational_preserve_one_20260926_125500,opencode,instance_ansible__ansible-164881d871964aa64e0f911d03ae270acbad253c-v390e508d27db7a51eece36bb6d9698b63a5b638a,True,,True,401764.333333,456120,13.52924143765335,12.666666666666666,14,10.526315789473696,19.666666666666668,22,11.864406779661007,69.66666666666667,81,16.267942583732054
full_relational_preserve_one_20260926_125500,opencode,instance_ansible__ansible-189fcb37f973f0b1d52b555728208eeb9a6fce83-v906c969b551b346ef54a2c0b41e04f632b7b73c2,True,,True,685829.333333,1027969,49.88699812594286,18.333333333333332,20,9.090909090909104,24.333333333333332,21,-13.698630136986301,178.0,147,-17.41573033707865
full_relational_preserve_one_20260926_125500,opencode,instance_ansible__ansible-1b70260d5aa2f6c9782fd2b848e8d16566e50d85-vba6da65a0f3baefda7a058ebbd0a8dcafb8512f5,True,,True,1723601.0,1687879,-2.0725214246220536,24.666666666666668,27,9.459459459459453,48.0,45,-6.25,82.66666666666667,69,-16.532258064516135
full_relational_preserve_one_20260926_125500,opencode,instance_ansible__ansible-1ee70fc272aff6bf3415357c6e13c5de5b928d9b-v1055803c3a812189a1133297f7f5468579283f86,True,,True,302280.666667,512727,69.61951475541537,13.333333333333334,17,27.499999999999993,15.0,24,60.00000000000001,17.333333333333332,27,55.769230769230774
full_relational_preserve_one_20260926_125500,opencode,instance_ansible__ansible-29aea9ff3466e4cd2ed00524b9e56738d568ce8b-vba6da65a0f3baefda7a058ebbd0a8dcafb8512f5,True,,True,376766.666667,460070,22.1100592761903,12.333333333333334,17,37.83783783783783,16.333333333333332,20,22.44897959183674,115.0,139,20.869565217391294
full_relational_preserve_one_20260926_125500,opencode,instance_ansible__ansible-395e5e20fab9cad517243372fa3c3c5d9e09ab2a-v7eee2454f617569fd6889f2211f75bc02a35f9f8,True,,True,1162716.0,1618184,39.1727644583888,20.333333333333332,21,3.2786885245901676,28.666666666666668,25,-12.790697674418606,303.0,271,-10.561056105610556
full_relational_preserve_one_20260926_125500,opencode,instance_ansible__ansible-39bd8b99ec8c6624207bf3556ac7f9626dad9173-v1055803c3a812189a1133297f7f5468579283f86,True,,True,519598.333333,477275,-8.145394359045389,17.0,15,-11.764705882352944,20.333333333333332,17,-16.393442622950815,102.33333333333333,109,6.514657980456029
full_relational_preserve_one_20260926_125500,opencode,instance_ansible__ansible-3db08adbb1cc6aa9941be5e0fc810132c6e1fa4b-vba6da65a0f3baefda7a058ebbd0a8dcafb8512f5,True,,True,476341.666667,629405,32.13309774137463,15.0,15,0.0,19.333333333333332,22,13.793103448275868,59.333333333333336,72,21.34831460674156
full_relational_preserve_one_20260926_125500,opencode,instance_ansible__ansible-4c5ce5a1a9e79a845aff4978cfeb72a0d4ecf7d6-v1055803c3a812189a1133297f7f5468579283f86,True,,True,2314070.666667,3107975,34.30769616368179,28.0,31,10.71428571428572,42.666666666666664,50,17.1875,394.3333333333333,340,-13.778529163144547
full_relational_preserve_one_20260926_125500,opencode,instance_ansible__ansible-5260527c4a71bfed99d803e687dd19619423b134-vba6da65a0f3baefda7a058ebbd0a8dcafb8512f5,True,,True,530413.333333,425514,-19.77690354686896,15.0,14,-6.666666666666665,28.666666666666668,22,-23.25581395348838,33.666666666666664,20,-40.594059405940584
full_relational_preserve_one_20260926_125500,opencode,instance_ansible__ansible-5c225dc0f5bfa677addeac100a8018df3f3a9db1-v173091e2e36d38c978002990795f66cfc0af30ad,True,,True,536482.333333,238321,-55.57710194865415,17.0,11,-35.29411764705882,22.666666666666668,15,-33.82352941176471,35.333333333333336,44,24.52830188679245
full_relational_preserve_one_20260926_125500,opencode,instance_ansible__ansible-5e88cd9972f10b66dd97e1ee684c910c6a2dd25e-v906c969b551b346ef54a2c0b41e04f632b7b73c2,True,,True,863153.333333,869441,0.7284530365793351,16.666666666666668,14,-16.000000000000004,26.333333333333332,27,2.5316455696202667,231.33333333333334,251,8.501440922190206
full_relational_preserve_one_20260926_125500,opencode,instance_ansible__ansible-6cc97447aac5816745278f3735af128afb255c81-v0f01c69f1e2528b935359cfe578530722bca2c59,True,,True,1515579.333333,2197840,45.01649314302802,24.333333333333332,37,52.05479452054795,44.666666666666664,45,0.7462686567164312,72.33333333333333,87,20.276497695852534
full_relational_preserve_one_20260926_125500,opencode,instance_ansible__ansible-748f534312f2073a25a87871f5bd05882891b8c4-v0f01c69f1e2528b935359cfe578530722bca2c59,True,,True,544138.333333,552514,1.5392531924183217,15.0,17,13.33333333333333,22.0,20,-9.090909090909093,114.33333333333333,120,4.956268221574356
full_relational_preserve_one_20260926_125500,opencode,instance_ansible__ansible-83fb24b923064d3576d473747ebbe62e4535c9e3-vba6da65a0f3baefda7a058ebbd0a8dcafb8512f5,True,,True,570355.0,534799,-6.234012150327429,18.0,17,-5.555555555555558,24.0,19,-20.833333333333336,53.333333333333336,68,27.499999999999993
full_relational_preserve_one_20260926_125500,opencode,instance_ansible__ansible-942424e10b2095a173dbd78e7128f52f7995849b-v30a923fb5c164d6cd18280c02422f75e611e8fb2,True,,True,875507.333333,571509,-34.72253421061568,20.0,17,-15.000000000000002,22.333333333333332,19,-14.925373134328357,152.66666666666666,99,-35.1528384279476
full_relational_preserve_one_20260926_125500,opencode,instance_ansible__ansible-984216f52e76b904e5b0fa0fb956ab4f1e0a7751-v1055803c3a812189a1133297f7f5468579283f86,True,,True,1641018.666667,2545838,55.13766246003395,28.666666666666668,33,15.116279069767447,41.333333333333336,38,-8.064516129032262,262.0,269,2.6717557251908497
full_relational_preserve_one_20260926_125500,opencode,instance_ansible__ansible-9a21e247786ebd294dafafca1105fcd770ff46c6-v67cdaa49f89b34e42b69d5b7830b3c3ad3d8803f,True,,True,348194.0,248775,-28.55276081724556,12.666666666666666,11,-13.157894736842103,14.666666666666666,13,-11.363636363636365,106.0,114,7.547169811320753
full_relational_preserve_one_20260926_125500,opencode,instance_ansible__ansible-a26c325bd8f6e2822d9d7e62f77a424c1db4fbf6-v0f01c69f1e2528b935359cfe578530722bca2c59,True,,True,797111.0,1281394,60.754775683687726,19.333333333333332,22,13.793103448275868,25.333333333333332,25,-1.3157894736842035,53.0,85,60.377358490566046
full_relational_preserve_one_20260926_125500,opencode,instance_ansible__ansible-b2a289dcbb702003377221e25f62c8a3608f0e89-v173091e2e36d38c978002990795f66cfc0af30ad,True,,False,1257030.333333,497802,-60.398569008268545,22.0,12,-45.45454545454546,37.333333333333336,27,-27.67857142857143,139.0,68,-51.07913669064747
full_relational_preserve_one_20260926_125500,opencode,instance_ansible__ansible-b748edea457a4576847a10275678127895d2f02f-v1055803c3a812189a1133297f7f5468579283f86,True,,True,1012490.0,1445357,42.75271854536835,19.666666666666668,26,32.20338983050848,34.0,37,8.823529411764696,180.33333333333334,217,20.33271719038816
full_relational_preserve_one_20260926_125500,opencode,instance_ansible__ansible-b8025ac160146319d2b875be3366b60c852dd35d-v0f01c69f1e2528b935359cfe578530722bca2c59,True,,True,1858622.666667,2221205,19.5081196326528,25.333333333333332,29,14.473684210526327,37.0,34,-8.108108108108103,104.0,91,-12.5
full_relational_preserve_one_20260926_125500,opencode,instance_ansible__ansible-be2c376ab87e3e872ca21697508f12c6909cf85a-vba6da65a0f3baefda7a058ebbd0a8dcafb8512f5,True,,True,487842.333333,369932,-24.169762498351023,16.0,15,-6.25,18.333333333333332,18,-1.8181818181818077,97.0,167,72.16494845360826
full_relational_preserve_one_20260926_125500,opencode,instance_ansible__ansible-be59caa59bf47ca78a4760eb7ff38568372a8260-v1055803c3a812189a1133297f7f5468579283f86,True,,True,646325.666667,756873,17.103967710747938,18.666666666666668,20,7.14285714285714,26.333333333333332,32,21.518987341772156,82.0,100,21.95121951219512
full_relational_preserve_one_20260926_125500,opencode,instance_ansible__ansible-c1f2df47538b884a43320f53e787197793b105e8-v906c969b551b346ef54a2c0b41e04f632b7b73c2,True,,True,1205093.666667,1003687,-16.712947071080574,20.333333333333332,15,-26.22950819672131,25.0,23,-7.9999999999999964,469.6666666666667,558,18.807665010645835
full_relational_preserve_one_20260926_125500,opencode,instance_ansible__ansible-cd473dfb2fdbc97acf3293c134b21cbbcfa89ec3-vba6da65a0f3baefda7a058ebbd0a8dcafb8512f5,True,,False,947019.0,1150889,21.527551189574858,20.333333333333332,21,3.2786885245901676,31.333333333333332,22,-29.78723404255319,50.0,36,-28.000000000000004
full_relational_preserve_one_20260926_125500,opencode,instance_ansible__ansible-cd9c4eb5a6b2bfaf4a6709f001ce3d0c92c1eed2-v0f01c69f1e2528b935359cfe578530722bca2c59,True,,True,750772.666667,449770,-40.092384823128846,14.333333333333334,11,-23.25581395348838,18.333333333333332,18,-1.8181818181818077,52.0,67,28.846153846153854
full_relational_preserve_one_20260926_125500,opencode,instance_ansible__ansible-d30fc6c0b359f631130b0e979d9a78a7b3747d48-v1055803c3a812189a1133297f7f5468579283f86,True,,True,1121957.0,693679,-38.17240767694305,23.0,17,-26.086956521739136,35.0,31,-11.428571428571432,110.66666666666667,121,9.337349397590366
full_relational_preserve_one_20260926_125500,opencode,instance_ansible__ansible-d33bedc48fdd933b5abd65a77c081876298e2f07-v0f01c69f1e2528b935359cfe578530722bca2c59,True,,True,1046494.0,1361793,30.129078618702067,22.0,25,13.636363636363647,35.333333333333336,34,-3.7735849056603876,220.0,277,25.909090909090903
full_relational_preserve_one_20260926_125500,opencode,instance_ansible__ansible-d62496fe416623e88b90139dc7917080cb04ce70-v0f01c69f1e2528b935359cfe578530722bca2c59,True,,True,311572.0,282446,-9.348080058541841,12.333333333333334,12,-2.7027027027027084,13.333333333333334,14,5.000000000000004,65.33333333333333,85,30.102040816326546
full_relational_preserve_one_20260926_125500,opencode,instance_ansible__ansible-d6d2251929c84c3aa883bad7db0f19cc9ff0339e-v30a923fb5c164d6cd18280c02422f75e611e8fb2,True,,True,1222718.666667,1223782,0.08696467650228801,22.666666666666668,24,5.882352941176472,32.333333333333336,33,2.0618556701030855,194.0,35,-81.95876288659794
full_relational_preserve_one_20260926_125500,opencode,instance_ansible__ansible-deb54e4c5b32a346f1f0b0a14f1c713d2cc2e961-vba6da65a0f3baefda7a058ebbd0a8dcafb8512f5,True,,False,1244372.666667,1227109,-1.3873389483264664,26.0,25,-3.8461538461538436,37.666666666666664,33,-12.389380530973447,48.333333333333336,59,22.06896551724138
full_relational_preserve_one_20260926_125500,opencode,instance_ansible__ansible-e40889e7112ae00a21a2c74312b330e67a766cc0-v1055803c3a812189a1133297f7f5468579283f86,True,,True,1947082.333333,2150513,10.447974550658511,30.0,30,0.0,44.666666666666664,46,2.9850746268656803,494.0,351,-28.947368421052634
full_relational_preserve_one_20260926_125500,opencode,instance_ansible__ansible-e64c6c1ca50d7d26a8e7747d8eb87642e767cd74-v0f01c69f1e2528b935359cfe578530722bca2c59,True,,True,358568.333333,461435,28.68816264694194,13.333333333333334,14,5.000000000000004,19.0,14,-26.315789473684216,68.0,61,-10.29411764705882
full_relational_preserve_one_20260926_125500,opencode,instance_ansible__ansible-e9e6001263f51103e96e58ad382660df0f3d0e39-v30a923fb5c164d6cd18280c02422f75e611e8fb2,True,,True,550646.666667,337397,-38.727132946754296,17.0,12,-29.411764705882348,21.0,17,-19.047619047619047,212.66666666666666,224,5.3291536050156685
full_relational_preserve_one_20260926_125500,opencode,instance_ansible__ansible-ea04e0048dbb3b63f876aad7020e1de8eee9f362-v1055803c3a812189a1133297f7f5468579283f86,True,,True,1649616.0,1711925,3.777182083587949,28.0,27,-3.57142857142857,39.333333333333336,43,9.322033898305083,224.0,119,-46.875
full_relational_preserve_one_20260926_125500,opencode,instance_ansible__ansible-ecea15c508f0e081525be036cf76bbb56dbcdd9d-vba6da65a0f3baefda7a058ebbd0a8dcafb8512f5,True,,False,1252168.333333,1207741,-3.5480320137743937,25.0,25,0.0,35.333333333333336,40,13.207547169811317,244.33333333333334,86,-64.80218281036836
full_relational_preserve_one_20260926_125500,opencode,instance_ansible__ansible-ed6581e4db2f1bec5a772213c3e186081adc162d-v0f01c69f1e2528b935359cfe578530722bca2c59,True,,True,408939.0,376589,-7.910715290055482,13.0,15,15.384615384615374,16.666666666666668,16,-4.0000000000000036,40.333333333333336,44,9.090909090909083
full_relational_preserve_one_20260926_125500,opencode,instance_ansible__ansible-eea46a0d1b99a6dadedbb6a3502d599235fa7ec3-v390e508d27db7a51eece36bb6d9698b63a5b638a,True,,True,1102755.0,1895058,71.84759987485887,16.0,24,50.0,30.666666666666668,29,-5.434782608695654,299.3333333333333,383,27.951002227171507
full_relational_preserve_one_20260926_125500,opencode,instance_ansible__ansible-f327e65d11bb905ed9f15996024f857a95592629-vba6da65a0f3baefda7a058ebbd0a8dcafb8512f5,True,,True,655875.0,607546,-7.368629693157991,15.0,14,-6.666666666666665,18.666666666666668,21,12.5,9.666666666666666,29,200.0
full_relational_preserve_one_20260926_125500,opencode,instance_ansible__ansible-f8ef34672b961a95ec7282643679492862c688ec-vba6da65a0f3baefda7a058ebbd0a8dcafb8512f5,True,,True,1011912.333333,1117450,10.429526668519195,18.666666666666668,17,-8.92857142857143,32.666666666666664,34,4.081632653061229,55.666666666666664,63,13.173652694610794
full_relational_preserve_one_20260926_125500,opencode,instance_internetarchive__openlibrary-03095f2680f7516fca35a58e665bf2a41f006273-v8717e18970bcdc4e0d2cea3b1527752b21e74866,True,,True,838751.0,1002050,19.46930614687792,16.333333333333332,19,16.326530612244916,28.666666666666668,30,4.6511627906976605,74.66666666666667,96,28.57142857142856
full_relational_preserve_one_20260926_125500,opencode,instance_internetarchive__openlibrary-308a35d6999427c02b1dbf5211c033ad3b352556-ve8c8d62a2b60610a3c4631f5f23ed866bada9818,True,,True,1067370.0,1176121,10.18868808379474,24.333333333333332,24,-1.3698630136986245,38.0,37,-2.631578947368418,251.33333333333334,317,26.12732095490715
full_relational_preserve_one_20260926_125500,opencode,instance_internetarchive__openlibrary-30bc73a1395fba2300087c7f307e54bb5372b60a-v76304ecdb3a5954fcf13feb710e8c40fcf24b73c,True,,True,1866460.333333,1111917,-40.426432850334784,25.0,18,-28.000000000000004,32.333333333333336,29,-10.309278350515472,415.6666666666667,552,32.79871692060945
full_relational_preserve_one_20260926_125500,opencode,instance_internetarchive__openlibrary-322d7a46cdc965bfabbf9500e98fde098c9d95b2-v13642507b4fc1f8d234172bf8129942da2c2ca26,True,,True,1625557.0,1643336,1.093717415015294,27.0,25,-7.4074074074074066,25.666666666666668,34,32.467532467532465,294.0,475,61.56462585034013
full_relational_preserve_one_20260926_125500,opencode,instance_internetarchive__openlibrary-3c48b4bb782189e0858e6c3fc7956046cf3e1cfb-v2d9a6c849c60ed19fd0858ce9e40b7cc8e097e59,True,,True,760683.333333,896346,17.83431563730762,16.0,17,6.25,24.666666666666668,26,5.405405405405395,25.0,33,32.00000000000001
full_relational_preserve_one_20260926_125500,opencode,instance_internetarchive__openlibrary-58999808a17a26b387f8237860a7a524d1e2d262-v08d8e8889ec945ab821fb156c04c7d2e2810debb,True,,True,662395.333333,598065,-9.711773331690999,16.666666666666668,16,-4.0000000000000036,26.333333333333332,25,-5.0632911392405,93.66666666666667,93,-0.7117437722420017
full_relational_preserve_one_20260926_125500,opencode,instance_internetarchive__openlibrary-5fb312632097be7e9ac6ab657964af115224d15d-v0f5aece3601a5b4419f7ccec1dbda2071be28ee4,True,,False,1426171.666667,2046307,43.48251671429375,23.0,26,13.043478260869556,30.333333333333332,40,31.868131868131865,127.33333333333333,159,24.869109947643974
full_relational_preserve_one_20260926_125500,opencode,instance_internetarchive__openlibrary-60725705782832a2cb22e17c49697948a42a9d03-v298a7a812ceed28c4c18355a091f1b268fe56d86,True,,True,389691.666667,306482,-21.352693368756192,12.666666666666666,12,-5.263157894736836,15.333333333333334,16,4.347826086956519,14.0,29,107.14285714285717
full_relational_preserve_one_20260926_125500,opencode,instance_internetarchive__openlibrary-6a117fab6c963b74dc1ba907d838e74f76d34a4b-v13642507b4fc1f8d234172bf8129942da2c2ca26,True,,True,485623.333333,500507,3.064858223522382,14.333333333333334,14,-2.3255813953488413,16.0,20,25.0,11.666666666666666,32,174.28571428571428
full_relational_preserve_one_20260926_125500,opencode,instance_internetarchive__openlibrary-72321288ea790a3ace9e36f1c05b68c93f7eec43-v0f5aece3601a5b4419f7ccec1dbda2071be28ee4,True,,True,436979.333333,643651,47.29552427357151,14.333333333333334,20,39.53488372093024,17.0,26,52.941176470588225,44.0,81,84.09090909090908
full_relational_preserve_one_20260926_125500,opencode,instance_internetarchive__openlibrary-757fcf46c70530739c150c57b37d6375f155dc97-ve8c8d62a2b60610a3c4631f5f23ed866bada9818,True,,True,515727.0,585127,13.456731953145763,15.333333333333334,15,-2.1739130434782594,24.666666666666668,19,-22.972972972972972,195.0,213,9.23076923076922
full_relational_preserve_one_20260926_125500,opencode,instance_internetarchive__openlibrary-798a582540019363d14b2090755cc7b89a350788-v430f20c722405e462d9ef44dee7d34c41e76fe7a,True,,True,883966.333333,942826,6.658586922091181,21.333333333333332,22,3.125,36.0,30,-16.666666666666664,259.3333333333333,319,23.007712082262223
full_relational_preserve_one_20260926_125500,opencode,instance_internetarchive__openlibrary-7bf3238533070f2d24bafbb26eedf675d51941f6-v08d8e8889ec945ab821fb156c04c7d2e2810debb,True,,True,1513119.333333,1560421,3.126102854214863,22.0,25,13.636363636363647,33.666666666666664,36,6.930693069306937,97.0,60,-38.144329896907216
full_relational_preserve_one_20260926_125500,opencode,instance_internetarchive__openlibrary-7f7e53aa4cf74a4f8549a5bcd4810c527e2f6d7e-v13642507b4fc1f8d234172bf8129942da2c2ca26,True,,True,908307.666667,968544,6.631710327188456,20.666666666666668,23,11.290322580645151,31.333333333333332,33,5.319148936170226,36.666666666666664,34,-7.2727272727272645
full_relational_preserve_one_20260926_125500,opencode,instance_internetarchive__openlibrary-b4f7c185ae5f1824ac7f3a18e8adf6a4b468459c-v08d8e8889ec945ab821fb156c04c7d2e2810debb,True,,True,577373.666667,610177,5.6814737537933535,15.333333333333334,17,10.869565217391308,23.333333333333332,21,-9.999999999999998,35.666666666666664,56,57.009345794392544
full_relational_preserve_one_20260926_125500,opencode,instance_internetarchive__openlibrary-e390c1212055dd84a262a798e53487e771d3fb64-v8717e18970bcdc4e0d2cea3b1527752b21e74866,True,,True,915458.333333,1039497,13.549351417819322,19.333333333333332,22,13.793103448275868,26.666666666666668,28,5.000000000000004,124.33333333333333,129,3.753351206434319
full_relational_preserve_one_20260926_125500,opencode,instance_internetarchive__openlibrary-e8084193a895d8ee81200f49093389a3887479ce-ve8c8d62a2b60610a3c4631f5f23ed866bada9818,True,,True,597490.0,695879,16.467053841905297,15.0,14,-6.666666666666665,17.0,23,35.29411764705883,23.666666666666668,101,326.7605633802817
full_relational_preserve_one_20260926_125500,opencode,instance_qutebrowser__qutebrowser-0833b5f6f140d04200ec91605f88704dd18e2970-v059c6fdc75567943479b23ebca7c07b5e9a7f34c,True,,True,235274.666667,223258,-5.107505553926894,10.333333333333334,10,-3.2258064516129115,12.333333333333334,13,5.405405405405395,4.0,12,200.0
full_relational_preserve_one_20260926_125500,opencode,instance_qutebrowser__qutebrowser-0fc6d1109d041c69a68a896db87cf1b8c194cef7-v2ef375ac784985212b1805e1d0431dc8f1b3c171,True,,True,2734387.0,4576977,67.3858528438001,41.666666666666664,42,0.8000000000000007,53.666666666666664,44,-18.012422360248447,161.33333333333334,155,-3.9256198347107474
full_relational_preserve_one_20260926_125500,opencode,instance_qutebrowser__qutebrowser-16de05407111ddd82fa12e54389d532362489da9-v363c8a7e5ccdf6968fc7ab84a2053ac78036691d,True,,True,1358358.333333,1225416,-9.78698551558187,21.666666666666668,21,-3.076923076923077,30.333333333333332,36,18.681318681318682,119.33333333333333,129,8.100558659217882
full_relational_preserve_one_20260926_125500,opencode,instance_qutebrowser__qutebrowser-233cb1cc48635130e5602549856a6fa4ab4c087f-v35616345bb8052ea303186706cec663146f0f184,True,,True,1022055.0,1665231,62.929685780119456,22.0,31,40.90909090909092,36.333333333333336,57,56.88073394495412,67.0,81,20.895522388059696
full_relational_preserve_one_20260926_125500,opencode,instance_qutebrowser__qutebrowser-322834d0e6bf17e5661145c9f085b41215c280e8-v488d33dd1b2540b234cbb0468af6b6614941ce8f,True,,True,1114809.666667,1222385,9.64965917945646,21.0,20,-4.761904761904767,29.333333333333332,33,12.5,97.33333333333333,91,-6.506849315068486
full_relational_preserve_one_20260926_125500,opencode,instance_qutebrowser__qutebrowser-473a15f7908f2bb6d670b0e908ab34a28d8cf7e2-v363c8a7e5ccdf6968fc7ab84a2053ac78036691d,True,,False,1706585.333333,1814444,6.320144944428274,21.333333333333332,20,-6.25,31.333333333333332,24,-23.404255319148938,121.0,101,-16.528925619834713
full_relational_preserve_one_20260926_125500,opencode,instance_qutebrowser__qutebrowser-50efac08f623644a85441bbe02ab9347d2b71a9d-v9f8e9d96c85c85a605e382f1510bd08563afc566,True,,True,627732.666667,461142,-26.538473384144133,14.666666666666666,14,-4.545454545454541,18.333333333333332,20,9.090909090909104,45.0,60,33.33333333333333
full_relational_preserve_one_20260926_125500,opencode,instance_qutebrowser__qutebrowser-52708364b5f91e198defb022d1a5b4b3ebd9b563-v2ef375ac784985212b1805e1d0431dc8f1b3c171,True,,True,1356945.333333,1848514,36.226121612400064,24.0,27,12.5,41.0,48,17.07317073170731,47.0,58,23.404255319148938
full_relational_preserve_one_20260926_125500,opencode,instance_qutebrowser__qutebrowser-5cef49ff3074f9eab1da6937a141a39a20828502-v02ad04386d5238fe2d1a1be450df257370de4b6a,True,,True,507019.666667,395059,-22.082115157977377,12.666666666666666,12,-5.263157894736836,15.0,17,13.33333333333333,87.0,99,13.793103448275868
full_relational_preserve_one_20260926_125500,opencode,instance_qutebrowser__qutebrowser-5e0d6dc1483cb3336ea0e3dcbd4fe4aa00fc1742-v5149fcda2a9a6fe1d35dfed1bade1444a11ef271,True,,True,1273550.666667,1650947,29.633397650419457,20.333333333333332,26,27.868852459016402,33.333333333333336,37,10.999999999999988,64.0,60,-6.25
full_relational_preserve_one_20260926_125500,opencode,instance_qutebrowser__qutebrowser-5fdc83e5da6222fe61163395baaad7ae57fa2cb4-v363c8a7e5ccdf6968fc7ab84a2053ac78036691d,True,,True,782513.333333,723008,-7.604385867720076,20.0,18,-9.999999999999998,31.333333333333332,22,-29.78723404255319,117.0,131,11.965811965811968
full_relational_preserve_one_20260926_125500,opencode,instance_qutebrowser__qutebrowser-66cfa15c372fa9e613ea5a82d3b03e4609399fb6-v363c8a7e5ccdf6968fc7ab84a2053ac78036691d,True,,False,1469770.666667,1264038,-13.997603254223334,19.666666666666668,21,6.779661016949157,38.666666666666664,41,6.034482758620685,139.0,148,6.474820143884896
full_relational_preserve_one_20260926_125500,opencode,instance_qutebrowser__qutebrowser-6dd402c0d0f7665d32a74c43c5b4cf5dc8aff28d-v5fc38aaf22415ab0b70567368332beee7955b367,True,,True,525031.666667,543194,3.4592834082366686,16.666666666666668,16,-4.0000000000000036,20.666666666666668,23,11.290322580645151,56.666666666666664,47,-17.05882352941176
full_relational_preserve_one_20260926_125500,opencode,instance_qutebrowser__qutebrowser-70248f256f93ed9b1984494d0a1a919ddd774892-v2ef375ac784985212b1805e1d0431dc8f1b3c171,True,,False,1178231.666667,681692,-42.14278742580557,20.333333333333332,14,-31.147540983606557,28.666666666666668,19,-33.720930232558146,55.666666666666664,43,-22.754491017964074
full_relational_preserve_one_20260926_125500,opencode,instance_qutebrowser__qutebrowser-7f9713b20f623fc40473b7167a082d6db0f0fd40-va0fd88aac89cde702ec1ba84877234da33adce8a,True,,True,759233.0,874156,15.136723509120387,17.666666666666668,17,-3.7735849056603876,28.0,23,-17.85714285714286,110.33333333333333,122,10.57401812688823
full_relational_preserve_one_20260926_125500,opencode,instance_qutebrowser__qutebrowser-8d05f0282a271bfd45e614238bd1b555c58b3fc1-v35616345bb8052ea303186706cec663146f0f184,True,,True,731827.0,628049,-14.180673847780966,16.333333333333332,17,4.081632653061229,18.0,16,-11.111111111111116,46.333333333333336,46,-0.7194244604316613
full_relational_preserve_one_20260926_125500,opencode,instance_qutebrowser__qutebrowser-8f46ba3f6dc7b18375f7aa63c48a1fe461190430-v2ef375ac784985212b1805e1d0431dc8f1b3c171,True,,False,530640.666667,588476,10.8991520940656,14.333333333333334,15,4.6511627906976605,19.666666666666668,15,-23.728813559322038,87.66666666666667,62,-29.27756653992396
full_relational_preserve_one_20260926_125500,opencode,instance_qutebrowser__qutebrowser-a84ecfb80a00f8ab7e341372560458e3f9cfffa2-v2ef375ac784985212b1805e1d0431dc8f1b3c171,True,,True,577471.666667,928587,60.80217499839193,16.333333333333332,21,28.57142857142858,22.333333333333332,22,-1.492537313432829,101.33333333333333,114,12.5
full_relational_preserve_one_20260926_125500,opencode,instance_qutebrowser__qutebrowser-e64622cd2df5b521342cf4a62e0d4cb8f8c9ae5a-v363c8a7e5ccdf6968fc7ab84a2053ac78036691d,True,,True,586817.333333,656941,11.949828794032413,18.666666666666668,18,-3.571428571428581,23.333333333333332,20,-14.28571428571428,41.666666666666664,75,80.0
full_relational_preserve_one_20260926_125500,opencode,instance_qutebrowser__qutebrowser-e70f5b03187bdd40e8bf70f5f3ead840f52d1f42-v02ad04386d5238fe2d1a1be450df257370de4b6a,True,,True,763255.666667,657338,-13.877088804269667,16.0,13,-18.75,24.333333333333332,21,-13.698630136986301,94.0,102,8.51063829787233
full_relational_preserve_one_20260926_125500,opencode,instance_qutebrowser__qutebrowser-ed19d7f58b2664bb310c7cb6b52c5b9a06ea60b2-v059c6fdc75567943479b23ebca7c07b5e9a7f34c,True,,True,1072698.0,1298216,21.0234380972091,23.333333333333332,24,2.857142857142869,41.333333333333336,41,-0.8064516129032362,82.66666666666667,59,-28.629032258064523
full_relational_preserve_one_20260926_125500,opencode,instance_qutebrowser__qutebrowser-f91ace96223cac8161c16dd061907e138fe85111-v059c6fdc75567943479b23ebca7c07b5e9a7f34c,True,,True,522302.0,583991,11.810982917928703,15.0,15,0.0,20.666666666666668,19,-8.064516129032262,123.0,130,5.691056910569103
full_relational_preserve_one_20260926_125500,opencode,instance_qutebrowser__qutebrowser-fcfa069a06ade76d91bac38127f3235c13d78eb1-v5fc38aaf22415ab0b70567368332beee7955b367,True,,True,883806.0,931283,5.371880254263939,18.0,20,11.111111111111116,25.0,24,-4.0000000000000036,98.0,56,-42.85714285714286
full_relational_preserve_one_20260926_125500,codex,instance_ansible__ansible-0fd88717c953b92ed8a50495d55e630eb5d59166-vba6da65a0f3baefda7a058ebbd0a8dcafb8512f5,True,,True,572094.333333,893771,56.227906470061306,19.333333333333332,22,13.793103448275868,14.0,14,0.0,125.33333333333333,154,22.872340425531924
full_relational_preserve_one_20260926_125500,codex,instance_ansible__ansible-11c1777d56664b1acb56b387a1ad6aeadef1391d-v0f01c69f1e2528b935359cfe578530722bca2c59,True,,True,445348.333333,516911,16.068919834373887,16.333333333333332,17,4.081632653061229,13.0,13,0.0,129.33333333333334,83,-35.82474226804124
full_relational_preserve_one_20260926_125500,codex,instance_ansible__ansible-12734fa21c08a0ce8c84e533abdc560db2eb1955-v7eee2454f617569fd6889f2211f75bc02a35f9f8,True,,True,598348.666667,359231,-39.9629313121001,23.333333333333332,19,-18.571428571428573,21.333333333333332,16,-25.0,37.0,53,43.24324324324324
full_relational_preserve_one_20260926_125500,codex,instance_ansible__ansible-164881d871964aa64e0f911d03ae270acbad253c-v390e508d27db7a51eece36bb6d9698b63a5b638a,True,,True,427013.666667,432042,1.177557939128282,17.333333333333332,18,3.8461538461538547,12.666666666666666,6,-52.63157894736842,66.0,81,22.72727272727273
full_relational_preserve_one_20260926_125500,codex,instance_ansible__ansible-189fcb37f973f0b1d52b555728208eeb9a6fce83-v906c969b551b346ef54a2c0b41e04f632b7b73c2,True,,True,725098.666667,633763,-12.596308732277084,22.0,20,-9.090909090909093,15.666666666666666,15,-4.255319148936165,169.0,174,2.9585798816567976
full_relational_preserve_one_20260926_125500,codex,instance_ansible__ansible-1a4644ff15355fd696ac5b9d074a566a80fe7ca3-v30a923fb5c164d6cd18280c02422f75e611e8fb2,True,,True,729615.0,385978,-47.098401211597896,22.0,15,-31.818181818181824,13.0,8,-38.46153846153846,189.66666666666666,183,-3.5149384885764468
full_relational_preserve_one_20260926_125500,codex,instance_ansible__ansible-1b70260d5aa2f6c9782fd2b848e8d16566e50d85-vba6da65a0f3baefda7a058ebbd0a8dcafb8512f5,True,,False,1072465.666667,921958,-14.033798129384078,27.333333333333332,23,-15.853658536585357,28.0,15,-46.42857142857143,64.33333333333333,53,-17.616580310880824
full_relational_preserve_one_20260926_125500,codex,instance_ansible__ansible-29aea9ff3466e4cd2ed00524b9e56738d568ce8b-vba6da65a0f3baefda7a058ebbd0a8dcafb8512f5,True,,True,449869.0,344150,-23.499952208309526,20.0,16,-19.999999999999996,14.333333333333334,13,-9.302325581395355,169.0,103,-39.053254437869825
full_relational_preserve_one_20260926_125500,codex,instance_ansible__ansible-34db57a47f875d11c4068567b9ec7ace174ec4cf-v1055803c3a812189a1133297f7f5468579283f86,True,,True,573049.666667,544198,-5.034758476487477,19.0,18,-5.263157894736848,13.666666666666666,12,-12.195121951219512,47.333333333333336,57,20.4225352112676
full_relational_preserve_one_20260926_125500,codex,instance_ansible__ansible-379058e10f3dbc0fdcaf80394bd09b18927e7d33-v1055803c3a812189a1133297f7f5468579283f86,True,,True,484069.0,430768,-11.011033551002026,18.666666666666668,17,-8.92857142857143,11.333333333333334,16,41.17647058823528,83.33333333333333,113,35.60000000000001
full_relational_preserve_one_20260926_125500,codex,instance_ansible__ansible-39bd8b99ec8c6624207bf3556ac7f9626dad9173-v1055803c3a812189a1133297f7f5468579283f86,True,,True,445558.0,498534,11.889810080842445,17.666666666666668,19,7.547169811320753,15.0,11,-26.66666666666667,102.33333333333333,124,21.172638436482096
full_relational_preserve_one_20260926_125500,codex,instance_ansible__ansible-3db08adbb1cc6aa9941be5e0fc810132c6e1fa4b-vba6da65a0f3baefda7a058ebbd0a8dcafb8512f5,True,,True,384139.0,328227,-14.555148006320628,18.0,17,-5.555555555555558,12.333333333333334,12,-2.7027027027027084,50.0,56,12.00000000000001
full_relational_preserve_one_20260926_125500,codex,instance_ansible__ansible-415e08c2970757472314e515cb63a51ad825c45e-v7eee2454f617569fd6889f2211f75bc02a35f9f8,True,,False,514794.0,264745,-48.57263293666981,21.0,12,-42.85714285714286,16.666666666666668,11,-34.00000000000001,113.0,50,-55.75221238938053
full_relational_preserve_one_20260926_125500,codex,instance_ansible__ansible-42355d181a11b51ebfc56f6f4b3d9c74e01cb13b-v1055803c3a812189a1133297f7f5468579283f86,True,,True,844619.0,694206,-17.808384608918338,24.0,22,-8.333333333333337,17.0,20,17.647058823529417,106.66666666666667,86,-19.375000000000007
full_relational_preserve_one_20260926_125500,codex,instance_ansible__ansible-4c5ce5a1a9e79a845aff4978cfeb72a0d4ecf7d6-v1055803c3a812189a1133297f7f5468579283f86,True,,True,655067.333333,637363,-2.7026738217764357,20.333333333333332,20,-1.6393442622950727,18.0,23,27.777777777777768,922.0,545,-40.88937093275488
full_relational_preserve_one_20260926_125500,codex,instance_ansible__ansible-502270c804c33d3bc963930dc85e0f4ca359674d-v7eee2454f617569fd6889f2211f75bc02a35f9f8,True,,False,417737.666667,285047,-31.764113522655947,17.333333333333332,15,-13.461538461538458,13.0,11,-15.384615384615385,164.66666666666666,251,52.42914979757085
full_relational_preserve_one_20260926_125500,codex,instance_ansible__ansible-5e369604e1930b1a2e071fecd7ec5276ebd12cb1-v0f01c69f1e2528b935359cfe578530722bca2c59,True,,True,959871.0,431298,-55.06708713983441,22.666666666666668,15,-33.82352941176471,20.333333333333332,15,-26.22950819672131,94.33333333333333,135,43.10954063604242
full_relational_preserve_one_20260926_125500,codex,instance_ansible__ansible-5e88cd9972f10b66dd97e1ee684c910c6a2dd25e-v906c969b551b346ef54a2c0b41e04f632b7b73c2,True,,True,446666.666667,432471,-3.1781343284304597,18.333333333333332,17,-7.2727272727272645,11.333333333333334,13,14.705882352941169,226.33333333333334,277,22.38586156111928
full_relational_preserve_one_20260926_125500,codex,instance_ansible__ansible-622a493ae03bd5e5cf517d336fc426e9d12208c7-v906c969b551b346ef54a2c0b41e04f632b7b73c2,True,,True,561688.666667,1314882,134.0944508997071,18.333333333333332,31,69.0909090909091,16.666666666666668,25,50.0,267.0,392,46.81647940074907
full_relational_preserve_one_20260926_125500,codex,instance_ansible__ansible-7e1a347695c7987ae56ef1b6919156d9254010ad-v390e508d27db7a51eece36bb6d9698b63a5b638a,True,,True,690107.0,821648,19.060957213881323,22.333333333333332,22,-1.492537313432829,15.333333333333334,18,17.391304347826075,458.6666666666667,489,6.613372093023262
full_relational_preserve_one_20260926_125500,codex,instance_ansible__ansible-8127abbc298cabf04aaa89a478fc5e5e3432a6fc-v30a923fb5c164d6cd18280c02422f75e611e8fb2,True,,False,766181.666667,787958,2.84218929796769,21.666666666666668,20,-7.692307692307699,15.333333333333334,18,17.391304347826075,317.6666666666667,71,-77.6495278069255
full_relational_preserve_one_20260926_125500,codex,instance_ansible__ansible-83909bfa22573777e3db5688773bda59721962ad-vba6da65a0f3baefda7a058ebbd0a8dcafb8512f5,True,,True,1007735.666667,763451,-24.240946782696582,25.666666666666668,21,-18.181818181818187,21.0,16,-23.809523809523814,211.0,213,0.9478672985782088
full_relational_preserve_one_20260926_125500,codex,instance_ansible__ansible-83fb24b923064d3576d473747ebbe62e4535c9e3-vba6da65a0f3baefda7a058ebbd0a8dcafb8512f5,True,,True,434550.0,499604,14.970429179611088,19.666666666666668,19,-3.3898305084745783,13.0,12,-7.692307692307687,58.0,66,13.793103448275868
full_relational_preserve_one_20260926_125500,codex,instance_ansible__ansible-9142be2f6cabbe6597c9254c5bb9186d17036d55-v0f01c69f1e2528b935359cfe578530722bca2c59,True,,True,420629.0,515628,22.584985818856996,16.0,18,12.5,12.666666666666666,11,-13.157894736842103,83.66666666666667,96,14.741035856573692
full_relational_preserve_one_20260926_125500,codex,instance_ansible__ansible-942424e10b2095a173dbd78e7128f52f7995849b-v30a923fb5c164d6cd18280c02422f75e611e8fb2,True,,True,737321.333333,451814,-38.722239602425134,22.333333333333332,17,-23.880597014925364,15.0,12,-19.999999999999996,161.66666666666666,171,5.7731958762886615
full_relational_preserve_one_20260926_125500,codex,instance_ansible__ansible-949c503f2ef4b2c5d668af0492a5c0db1ab86140-v0f01c69f1e2528b935359cfe578530722bca2c59,True,,True,1455002.666667,753139,-48.23796428323883,32.333333333333336,22,-31.958762886597945,21.333333333333332,16,-25.0,188.33333333333334,243,29.026548672566356
full_relational_preserve_one_20260926_125500,codex,instance_ansible__ansible-9a21e247786ebd294dafafca1105fcd770ff46c6-v67cdaa49f89b34e42b69d5b7830b3c3ad3d8803f,True,,True,452052.333333,421850,-6.6811585973502225,18.333333333333332,16,-12.72727272727272,10.666666666666666,7,-34.375,106.33333333333333,113,6.269592476489039
full_relational_preserve_one_20260926_125500,codex,instance_ansible__ansible-a02e22e902a69aeb465f16bf03f7f5a91b2cb828-vba6da65a0f3baefda7a058ebbd0a8dcafb8512f5,True,,True,1036642.0,741146,-28.505115555804217,23.666666666666668,21,-11.267605633802823,21.666666666666668,21,-3.076923076923077,31.333333333333332,36,14.893617021276606
full_relational_preserve_one_20260926_125500,codex,instance_ansible__ansible-a20a52701402a12f91396549df04ac55809f68e9-v1055803c3a812189a1133297f7f5468579283f86,True,,True,605345.0,474228,-21.6598799031957,20.333333333333332,17,-16.393442622950815,13.333333333333334,18,34.999999999999986,74.33333333333333,82,10.313901345291487
full_relational_preserve_one_20260926_125500,codex,instance_ansible__ansible-a26c325bd8f6e2822d9d7e62f77a424c1db4fbf6-v0f01c69f1e2528b935359cfe578530722bca2c59,True,,True,858501.666667,733312,-14.582344045181594,22.666666666666668,21,-7.352941176470596,14.0,18,28.57142857142858,54.333333333333336,61,12.269938650306745
full_relational_preserve_one_20260926_125500,codex,instance_ansible__ansible-a6e671db25381ed111bbad0ab3e7d97366395d05-v0f01c69f1e2528b935359cfe578530722bca2c59,True,,True,217166.333333,245144,12.883058915075685,13.0,12,-7.692307692307687,7.333333333333333,7,-4.545454545454541,74.33333333333333,124,66.81614349775786
full_relational_preserve_one_20260926_125500,codex,instance_ansible__ansible-b6290e1d156af608bd79118d209a64a051c55001-v390e508d27db7a51eece36bb6d9698b63a5b638a,True,,True,958673.666667,1936245,101.9712303908066,27.0,36,33.33333333333333,18.666666666666668,21,12.5,713.3333333333334,570,-20.09345794392524
full_relational_preserve_one_20260926_125500,codex,instance_ansible__ansible-b748edea457a4576847a10275678127895d2f02f-v1055803c3a812189a1133297f7f5468579283f86,True,,True,1136354.666667,908261,-20.07240110484283,29.666666666666668,23,-22.47191011235955,19.666666666666668,13,-33.89830508474576,152.66666666666666,179,17.248908296943235
full_relational_preserve_one_20260926_125500,codex,instance_ansible__ansible-be2c376ab87e3e872ca21697508f12c6909cf85a-vba6da65a0f3baefda7a058ebbd0a8dcafb8512f5,True,,True,342350.333333,317793,-7.173158879069474,17.333333333333332,15,-13.461538461538458,11.666666666666666,10,-14.28571428571428,106.0,102,-3.7735849056603765
full_relational_preserve_one_20260926_125500,codex,instance_ansible__ansible-be59caa59bf47ca78a4760eb7ff38568372a8260-v1055803c3a812189a1133297f7f5468579283f86,True,,True,424874.333333,535391,26.01161284562259,19.0,20,5.263157894736836,12.666666666666666,17,34.210526315789465,70.66666666666667,106,50.0
full_relational_preserve_one_20260926_125500,codex,instance_ansible__ansible-c1f2df47538b884a43320f53e787197793b105e8-v906c969b551b346ef54a2c0b41e04f632b7b73c2,True,,True,538558.333333,546641,1.5007968806235894,19.333333333333332,21,8.62068965517242,16.333333333333332,14,-14.28571428571428,752.0,763,1.46276595744681
full_relational_preserve_one_20260926_125500,codex,instance_ansible__ansible-c616e54a6e23fa5616a1d56d243f69576164ef9b-v1055803c3a812189a1133297f7f5468579283f86,True,,True,1185830.666667,1555915,31.20886849495903,26.666666666666668,31,16.249999999999986,22.0,28,27.27272727272727,2245.0,654,-70.86859688195992
full_relational_preserve_one_20260926_125500,codex,instance_ansible__ansible-cb94c0cc550df9e98f1247bc71d8c2b861c75049-v1055803c3a812189a1133297f7f5468579283f86,True,,True,616100.333333,484451,-21.368164600853092,19.666666666666668,18,-8.474576271186452,18.333333333333332,17,-7.2727272727272645,35.0,50,42.85714285714286
full_relational_preserve_one_20260926_125500,codex,instance_ansible__ansible-cd473dfb2fdbc97acf3293c134b21cbbcfa89ec3-vba6da65a0f3baefda7a058ebbd0a8dcafb8512f5,True,,True,619083.666667,448268,-27.59169331451291,20.666666666666668,16,-22.580645161290324,15.666666666666666,16,2.1276595744680993,46.333333333333336,51,10.07194244604317
full_relational_preserve_one_20260926_125500,codex,instance_ansible__ansible-cd9c4eb5a6b2bfaf4a6709f001ce3d0c92c1eed2-v0f01c69f1e2528b935359cfe578530722bca2c59,True,,True,751898.666667,467117,-37.87500620653764,19.666666666666668,15,-23.728813559322038,11.666666666666666,13,11.428571428571432,49.0,58,18.36734693877551
full_relational_preserve_one_20260926_125500,codex,instance_ansible__ansible-d2f80991180337e2be23d6883064a67dcbaeb662-vba6da65a0f3baefda7a058ebbd0a8dcafb8512f5,True,,True,1077019.0,1001476,-7.014082388518683,26.0,29,11.538461538461542,21.666666666666668,19,-12.307692307692308,221.66666666666666,235,6.015037593984962
full_relational_preserve_one_20260926_125500,codex,instance_ansible__ansible-d30fc6c0b359f631130b0e979d9a78a7b3747d48-v1055803c3a812189a1133297f7f5468579283f86,True,,False,1048483.333333,1415664,35.02017199451113,26.666666666666668,31,16.249999999999986,15.0,23,53.33333333333334,106.66666666666667,107,0.31250000000000444
full_relational_preserve_one_20260926_125500,codex,instance_ansible__ansible-d62496fe416623e88b90139dc7917080cb04ce70-v0f01c69f1e2528b935359cfe578530722bca2c59,True,,True,226072.0,188997,-16.399642591740683,14.0,12,-14.28571428571429,8.666666666666666,8,-7.692307692307687,65.33333333333333,28,-57.14285714285714
full_relational_preserve_one_20260926_125500,codex,instance_ansible__ansible-d72025be751c894673ba85caa063d835a0ad3a8c-v390e508d27db7a51eece36bb6d9698b63a5b638a,True,,True,703698.333333,1030644,46.46105457127532,22.0,25,13.636363636363647,21.0,20,-4.761904761904767,773.6666666666666,1025,32.48599741490737
full_relational_preserve_one_20260926_125500,codex,instance_ansible__ansible-d9f1866249756efc264b00ff7497e92c11a9885f-v0f01c69f1e2528b935359cfe578530722bca2c59,True,,True,413341.333333,396877,-3.983229356773732,18.0,14,-22.22222222222222,13.666666666666666,12,-12.195121951219512,31.333333333333332,45,43.61702127659575
full_relational_preserve_one_20260926_125500,codex,instance_ansible__ansible-de01db08d00c8d2438e1ba5989c313ba16a145b0-vba6da65a0f3baefda7a058ebbd0a8dcafb8512f5,True,,True,496835.333333,438565,-11.728298980287056,20.0,19,-5.000000000000004,15.666666666666666,19,21.27659574468086,45.666666666666664,74,62.04379562043796
full_relational_preserve_one_20260926_125500,codex,instance_ansible__ansible-deb54e4c5b32a346f1f0b0a14f1c713d2cc2e961-vba6da65a0f3baefda7a058ebbd0a8dcafb8512f5,True,,True,1189399.666667,709366,-40.35932412964065,28.333333333333332,19,-32.94117647058823,20.333333333333332,19,-6.5573770491803245,55.666666666666664,66,18.562874251497007
full_relational_preserve_one_20260926_125500,codex,instance_ansible__ansible-e0c91af45fa9af575d10fd3e724ebc59d2b2d6ac-v30a923fb5c164d6cd18280c02422f75e611e8fb2,True,,True,174647.333333,196730,12.644147634876845,11.666666666666666,12,2.857142857142869,5.333333333333333,8,50.0,9.0,27,200.0
full_relational_preserve_one_20260926_125500,codex,instance_ansible__ansible-e40889e7112ae00a21a2c74312b330e67a766cc0-v1055803c3a812189a1133297f7f5468579283f86,True,,True,912392.333333,1602377,75.62368089465008,22.333333333333332,28,25.373134328358216,24.666666666666668,25,1.3513513513513375,847.0,370,-56.31641086186541
full_relational_preserve_one_20260926_125500,codex,instance_ansible__ansible-ea04e0048dbb3b63f876aad7020e1de8eee9f362-v1055803c3a812189a1133297f7f5468579283f86,True,,True,867320.0,1600912,84.5814693538717,25.0,33,32.00000000000001,22.0,37,68.18181818181819,386.6666666666667,167,-56.8103448275862
full_relational_preserve_one_20260926_125500,codex,instance_ansible__ansible-ed6581e4db2f1bec5a772213c3e186081adc162d-v0f01c69f1e2528b935359cfe578530722bca2c59,True,,True,404476.0,269457,-33.38121421295701,18.333333333333332,14,-23.636363636363633,8.666666666666666,7,-19.23076923076923,39.666666666666664,42,5.882352941176472
full_relational_preserve_one_20260926_125500,codex,instance_ansible__ansible-f327e65d11bb905ed9f15996024f857a95592629-vba6da65a0f3baefda7a058ebbd0a8dcafb8512f5,True,,True,426531.666667,315589,-26.0104173586752,17.333333333333332,14,-19.23076923076923,9.666666666666666,10,3.4482758620689724,12.666666666666666,22,73.6842105263158
full_relational_preserve_one_20260926_125500,codex,instance_ansible__ansible-f8ef34672b961a95ec7282643679492862c688ec-vba6da65a0f3baefda7a058ebbd0a8dcafb8512f5,True,,True,886148.333333,737266,-16.801062275095703,21.666666666666668,17,-21.53846153846154,16.0,19,18.75,52.0,55,5.769230769230771
full_relational_preserve_one_20260926_125500,codex,instance_internetarchive__openlibrary-00bec1e7c8f3272c469a58e1377df03f955ed478-v13642507b4fc1f8d234172bf8129942da2c2ca26,True,,True,465417.666667,358642,-22.941902363022358,17.333333333333332,15,-13.461538461538458,10.333333333333334,11,6.451612903225801,95.0,55,-42.10526315789473
full_relational_preserve_one_20260926_125500,codex,instance_internetarchive__openlibrary-09865f5fb549694d969f0a8e49b9d204ef1853ca-ve8c8d62a2b60610a3c4631f5f23ed866bada9818,True,,True,442374.333333,227279,-48.6229234215281,18.333333333333332,14,-23.636363636363633,8.0,4,-50.0,71.33333333333333,70,-1.869158878504662
full_relational_preserve_one_20260926_125500,codex,instance_internetarchive__openlibrary-1351c59fd43689753de1fca32c78d539a116ffc1-v29f82c9cf21d57b242f8d8b0e541525d259e2d63,True,,True,603280.666667,404213,-32.99752133062831,21.666666666666668,17,-21.53846153846154,13.666666666666666,8,-41.46341463414633,59.666666666666664,70,17.31843575418994
full_relational_preserve_one_20260926_125500,codex,instance_internetarchive__openlibrary-308a35d6999427c02b1dbf5211c033ad3b352556-ve8c8d62a2b60610a3c4631f5f23ed866bada9818,True,,True,702753.666667,968740,37.84915624766674,27.0,26,-3.703703703703709,16.333333333333332,31,89.79591836734696,237.66666666666666,274,15.287517531556816
full_relational_preserve_one_20260926_125500,codex,instance_internetarchive__openlibrary-322d7a46cdc965bfabbf9500e98fde098c9d95b2-v13642507b4fc1f8d234172bf8129942da2c2ca26,True,,True,664724.666667,924324,39.05366332118507,22.666666666666668,29,27.941176470588225,18.666666666666668,16,-14.28571428571429,537.0,433,-19.36685288640596
full_relational_preserve_one_20260926_125500,codex,instance_internetarchive__openlibrary-53d376b148897466bb86d5accb51912bbbe9a8ed-v08d8e8889ec945ab821fb156c04c7d2e2810debb,True,,True,674498.0,824533,22.243950315642145,21.333333333333332,22,3.125,13.666666666666666,16,17.073170731707332,71.33333333333333,53,-25.70093457943925
full_relational_preserve_one_20260926_125500,codex,instance_internetarchive__openlibrary-5fb312632097be7e9ac6ab657964af115224d15d-v0f5aece3601a5b4419f7ccec1dbda2071be28ee4,True,,True,1085022.333333,1018094,-6.168383016357637,27.333333333333332,26,-4.8780487804877986,19.0,23,21.052631578947366,94.0,119,26.595744680851062
full_relational_preserve_one_20260926_125500,codex,instance_internetarchive__openlibrary-60725705782832a2cb22e17c49697948a42a9d03-v298a7a812ceed28c4c18355a091f1b268fe56d86,True,,True,322611.666667,266058,-17.529950869809895,15.666666666666666,14,-10.638297872340418,12.666666666666666,11,-13.157894736842103,13.333333333333334,19,42.50000000000001
full_relational_preserve_one_20260926_125500,codex,instance_internetarchive__openlibrary-6fdbbeee4c0a7e976ff3e46fb1d36f4eb110c428-v08d8e8889ec945ab821fb156c04c7d2e2810debb,True,,False,626570.333333,712783,13.75945557594427,20.666666666666668,26,25.806451612903224,19.666666666666668,20,1.6949152542372836,290.0,162,-44.13793103448276
full_relational_preserve_one_20260926_125500,codex,instance_internetarchive__openlibrary-72321288ea790a3ace9e36f1c05b68c93f7eec43-v0f5aece3601a5b4419f7ccec1dbda2071be28ee4,True,,True,370876.666667,559958,50.982267240546285,16.666666666666668,18,7.999999999999985,10.333333333333334,13,25.806451612903224,43.666666666666664,60,37.40458015267176
full_relational_preserve_one_20260926_125500,codex,instance_internetarchive__openlibrary-757fcf46c70530739c150c57b37d6375f155dc97-ve8c8d62a2b60610a3c4631f5f23ed866bada9818,True,,True,441769.333333,529541,19.86821176671374,18.333333333333332,20,9.090909090909104,9.333333333333334,5,-46.42857142857143,177.33333333333334,214,20.676691729323295
full_relational_preserve_one_20260926_125500,codex,instance_internetarchive__openlibrary-77c16d530b4d5c0f33d68bead2c6b329aee9b996-ve8c8d62a2b60610a3c4631f5f23ed866bada9818,True,,True,874755.333333,682229,-22.00916370517394,23.333333333333332,24,2.857142857142869,17.0,20,17.647058823529417,178.0,377,111.79775280898876
full_relational_preserve_one_20260926_125500,codex,instance_internetarchive__openlibrary-798a582540019363d14b2090755cc7b89a350788-v430f20c722405e462d9ef44dee7d34c41e76fe7a,True,,True,1179912.666667,699452,-40.72001939128243,30.0,25,-16.666666666666664,18.0,21,16.666666666666675,219.66666666666666,282,28.376327769347508
full_relational_preserve_one_20260926_125500,codex,instance_internetarchive__openlibrary-7f7e53aa4cf74a4f8549a5bcd4810c527e2f6d7e-v13642507b4fc1f8d234172bf8129942da2c2ca26,True,,True,580770.666667,482663,-16.89266905128537,21.333333333333332,17,-20.3125,15.333333333333334,17,10.869565217391308,31.0,100,222.5806451612903
full_relational_preserve_one_20260926_125500,codex,instance_internetarchive__openlibrary-8a9d9d323dfcf2a5b4f38d70b1108b030b20ebf3-v13642507b4fc1f8d234172bf8129942da2c2ca26,True,,True,579946.666667,853166,47.11111366553986,18.666666666666668,59,216.07142857142856,15.0,20,33.33333333333333,346.3333333333333,487,40.61597690086622
full_relational_preserve_one_20260926_125500,codex,instance_internetarchive__openlibrary-92db3454aeaa02f89b4cdbc3103f7e95c9759f92-v2c55207218fb8a0138425cbf7d9675272e240b90,True,,True,553994.333333,557471,0.6275635792307277,19.333333333333332,22,13.793103448275868,16.666666666666668,20,19.999999999999996,10.0,14,39.99999999999999
full_relational_preserve_one_20260926_125500,codex,instance_internetarchive__openlibrary-9c392b60e2c6fa1d68cb68084b4b4ff04d0cb35c-v2d9a6c849c60ed19fd0858ce9e40b7cc8e097e59,True,,True,295286.666667,297319,0.6882577381294164,16.0,16,0.0,10.333333333333334,11,6.451612903225801,7.0,17,142.85714285714283
full_relational_preserve_one_20260926_125500,codex,instance_internetarchive__openlibrary-9cd47f4dc21e273320d9e30d889c864f8cb20ccf-v0f5aece3601a5b4419f7ccec1dbda2071be28ee4,True,,True,691367.666667,2031945,193.90223147052293,18.666666666666668,34,82.14285714285714,15.333333333333334,35,128.26086956521738,75.66666666666667,75,-0.8810572687224738
full_relational_preserve_one_20260926_125500,codex,instance_internetarchive__openlibrary-a7b7dc5735a1b3a9824376b1b469b556dd413981-va4315b5dc369c1ef66ae22f9ae4267aa3114e1b3,True,,True,799877.0,722217,-9.708992757636492,25.0,24,-4.0000000000000036,16.333333333333332,15,-8.163265306122447,67.66666666666667,45,-33.49753694581281
full_relational_preserve_one_20260926_125500,codex,instance_internetarchive__openlibrary-bb152d23c004f3d68986877143bb0f83531fe401-ve8c8d62a2b60610a3c4631f5f23ed866bada9818,True,,True,1388557.666667,1145797,-17.48293733091447,29.333333333333332,25,-14.77272727272727,27.666666666666668,34,22.891566265060238,677.6666666666666,698,3.0004918839154016
full_relational_preserve_one_20260926_125500,codex,instance_internetarchive__openlibrary-d40ec88713dc95ea791b252f92d2f7b75e107440-v13642507b4fc1f8d234172bf8129942da2c2ca26,True,,True,1147565.0,1943139,69.3271405105593,24.0,35,45.83333333333333,31.666666666666668,26,-17.894736842105264,306.3333333333333,334,9.031556039173028
full_relational_preserve_one_20260926_125500,codex,instance_internetarchive__openlibrary-e010b2a13697de70170033902ba2e27a1e1acbe9-v0f5aece3601a5b4419f7ccec1dbda2071be28ee4,True,,True,527134.0,525087,-0.38832630792170475,18.0,18,0.0,17.0,14,-17.647058823529417,31.333333333333332,11,-64.8936170212766
full_relational_preserve_one_20260926_125500,codex,instance_internetarchive__openlibrary-e1e502986a3b003899a8347ac8a7ff7b08cbfc39-v08d8e8889ec945ab821fb156c04c7d2e2810debb,True,,True,1416334.0,1319091,-6.86582402173499,30.0,29,-3.3333333333333326,23.666666666666668,21,-11.267605633802823,171.0,143,-16.374269005847953
full_relational_preserve_one_20260926_125500,codex,instance_internetarchive__openlibrary-fad4a40acf5ff5f06cd7441a5c7baf41a7d81fe4-vfa6ff903cb27f336e17654595dd900fa943dcd91,True,,True,328446.333333,262428,-20.10018886892745,17.0,14,-17.647058823529417,11.666666666666666,9,-22.857142857142854,48.333333333333336,50,3.44827586206895
full_relational_preserve_one_20260926_125500,codex,instance_qutebrowser__qutebrowser-0833b5f6f140d04200ec91605f88704dd18e2970-v059c6fdc75567943479b23ebca7c07b5e9a7f34c,True,,True,212706.0,149609,-29.663949300912996,12.0,11,-8.333333333333337,8.666666666666666,4,-53.84615384615385,4.0,23,475.0
full_relational_preserve_one_20260926_125500,codex,instance_qutebrowser__qutebrowser-0fc6d1109d041c69a68a896db87cf1b8c194cef7-v2ef375ac784985212b1805e1d0431dc8f1b3c171,True,,True,1170286.0,1713355,46.40481044804432,28.333333333333332,32,12.941176470588234,20.666666666666668,24,16.129032258064502,116.0,124,6.896551724137923
full_relational_preserve_one_20260926_125500,codex,instance_qutebrowser__qutebrowser-16de05407111ddd82fa12e54389d532362489da9-v363c8a7e5ccdf6968fc7ab84a2053ac78036691d,True,,True,1374003.666667,1868122,35.96193702536554,27.666666666666668,30,8.43373493975903,16.0,28,75.0,132.33333333333334,136,2.7707808564231717
full_relational_preserve_one_20260926_125500,codex,instance_qutebrowser__qutebrowser-1a9e74bfaf9a9db2a510dc14572d33ded6040a57-v2ef375ac784985212b1805e1d0431dc8f1b3c171,True,,True,792205.666667,606469,-23.445510993179198,22.333333333333332,19,-14.925373134328357,14.333333333333334,15,4.6511627906976605,72.0,85,18.055555555555557
full_relational_preserve_one_20260926_125500,codex,instance_qutebrowser__qutebrowser-1af602b258b97aaba69d2585ed499d95e2303ac2-v2ef375ac784985212b1805e1d0431dc8f1b3c171,True,,True,568218.666667,476238,-16.187547516967538,20.666666666666668,18,-12.903225806451612,6.666666666666667,4,-40.0,12.666666666666666,23,81.57894736842107
full_relational_preserve_one_20260926_125500,codex,instance_qutebrowser__qutebrowser-21b426b6a20ec1cc5ecad770730641750699757b-v363c8a7e5ccdf6968fc7ab84a2053ac78036691d,True,,True,545610.666667,461197,-15.471410627409865,21.0,21,0.0,10.666666666666666,12,12.5,47.333333333333336,56,18.309859154929576
full_relational_preserve_one_20260926_125500,codex,instance_qutebrowser__qutebrowser-233cb1cc48635130e5602549856a6fa4ab4c087f-v35616345bb8052ea303186706cec663146f0f184,True,,True,1071667.666667,1124128,4.8952053854677935,28.0,26,-7.14285714285714,18.0,24,33.33333333333333,72.33333333333333,69,-4.608294930875568
full_relational_preserve_one_20260926_125500,codex,instance_qutebrowser__qutebrowser-2e961080a85d660148937ee8f0f6b3445a8f2c01-v363c8a7e5ccdf6968fc7ab84a2053ac78036691d,True,,False,758832.666667,595799,-21.484798141741624,22.0,22,0.0,18.666666666666668,15,-19.64285714285715,62.666666666666664,62,-1.0638297872340385
full_relational_preserve_one_20260926_125500,codex,instance_qutebrowser__qutebrowser-322834d0e6bf17e5661145c9f085b41215c280e8-v488d33dd1b2540b234cbb0468af6b6614941ce8f,True,,True,751733.666667,606386,-19.334994973876242,22.666666666666668,18,-20.588235294117652,13.333333333333334,14,5.000000000000004,88.0,96,9.090909090909083
full_relational_preserve_one_20260926_125500,codex,instance_qutebrowser__qutebrowser-36ade4bba504eb96f05d32ceab9972df7eb17bcc-v2ef375ac784985212b1805e1d0431dc8f1b3c171,True,,False,387815.333333,407875,5.172478997826424,17.666666666666668,18,1.8867924528301883,10.333333333333334,11,6.451612903225801,94.66666666666667,64,-32.3943661971831
full_relational_preserve_one_20260926_125500,codex,instance_qutebrowser__qutebrowser-394bfaed6544c952c6b3463751abab3176ad4997-vafb3e8e01b31319c66c4e666b8a3b1d8ba55db24,True,,True,814832.666667,800101,-1.807937662496839,21.666666666666668,22,1.538461538461533,19.0,16,-15.789473684210531,653.3333333333334,661,1.1734693877550884
full_relational_preserve_one_20260926_125500,codex,instance_qutebrowser__qutebrowser-44e64199ed38003253f0296badd4a447645067b6-v2ef375ac784985212b1805e1d0431dc8f1b3c171,True,,False,394836.0,439683,11.358386773242568,16.333333333333332,16,-2.0408163265306034,7.666666666666667,12,56.52173913043477,80.0,51,-36.25000000000001
full_relational_preserve_one_20260926_125500,codex,instance_qutebrowser__qutebrowser-479aa075ac79dc975e2e949e188a328e95bf78ff-vc2f56a753b62a190ddb23cd330c257b9cf560d12,True,,True,517780.666667,303885,-41.31009140296128,17.0,14,-17.647058823529417,10.666666666666666,14,31.25,70.66666666666667,88,24.52830188679245
full_relational_preserve_one_20260926_125500,codex,instance_qutebrowser__qutebrowser-50efac08f623644a85441bbe02ab9347d2b71a9d-v9f8e9d96c85c85a605e382f1510bd08563afc566,True,,True,500285.333333,556844,11.305281785935017,16.0,15,-6.25,8.0,11,37.5,47.0,53,12.765957446808507
full_relational_preserve_one_20260926_125500,codex,instance_qutebrowser__qutebrowser-52708364b5f91e198defb022d1a5b4b3ebd9b563-v2ef375ac784985212b1805e1d0431dc8f1b3c171,True,,True,1352813.333333,1262024,-6.71115009705866,30.333333333333332,30,-1.098901098901095,24.333333333333332,23,-5.47945205479452,48.0,60,25.0
full_relational_preserve_one_20260926_125500,codex,instance_qutebrowser__qutebrowser-5cef49ff3074f9eab1da6937a141a39a20828502-v02ad04386d5238fe2d1a1be450df257370de4b6a,True,,True,392850.333333,437385,11.336293465544834,16.333333333333332,16,-2.0408163265306034,11.333333333333334,11,-2.941176470588236,84.0,98,16.666666666666675
full_relational_preserve_one_20260926_125500,codex,instance_qutebrowser__qutebrowser-5e0d6dc1483cb3336ea0e3dcbd4fe4aa00fc1742-v5149fcda2a9a6fe1d35dfed1bade1444a11ef271,True,,True,611055.333333,676650,10.734652508343888,19.333333333333332,20,3.4482758620689724,16.0,16,0.0,54.0,65,20.370370370370374
full_relational_preserve_one_20260926_125500,codex,instance_qutebrowser__qutebrowser-5fdc83e5da6222fe61163395baaad7ae57fa2cb4-v363c8a7e5ccdf6968fc7ab84a2053ac78036691d,True,,True,634324.333333,772811,21.832154213497425,22.666666666666668,21,-7.352941176470596,12.666666666666666,18,42.10526315789473,117.0,126,7.692307692307687
full_relational_preserve_one_20260926_125500,codex,instance_qutebrowser__qutebrowser-6b320dc18662580e1313d2548fdd6231d2a97e6d-v363c8a7e5ccdf6968fc7ab84a2053ac78036691d,True,,True,293990.333333,392176,33.39758336740481,17.0,21,23.529411764705888,5.0,5,0.0,19.666666666666668,25,27.118644067796605
full_relational_preserve_one_20260926_125500,codex,instance_qutebrowser__qutebrowser-7b603dd6bf195e3e723ce08ff64a82b406e3f6b6-v9f8e9d96c85c85a605e382f1510bd08563afc566,True,,True,339604.0,248797,-26.739084345296284,16.666666666666668,13,-22.000000000000007,8.666666666666666,4,-53.84615384615385,69.66666666666667,73,4.784688995215314
full_relational_preserve_one_20260926_125500,codex,instance_qutebrowser__qutebrowser-7f9713b20f623fc40473b7167a082d6db0f0fd40-va0fd88aac89cde702ec1ba84877234da33adce8a,True,,True,558496.666667,615173,10.148016401106453,17.666666666666668,18,1.8867924528301883,15.333333333333334,14,-8.695652173913048,107.33333333333333,120,11.801242236024855
full_relational_preserve_one_20260926_125500,codex,instance_qutebrowser__qutebrowser-85b867fe8d4378c8e371f055c70452f546055854-v2ef375ac784985212b1805e1d0431dc8f1b3c171,True,,True,753216.666667,665851,-11.599008696076119,23.333333333333332,24,2.857142857142869,16.333333333333332,23,40.816326530612244,46.666666666666664,47,0.7142857142857117
full_relational_preserve_one_20260926_125500,codex,instance_qutebrowser__qutebrowser-8cd06741bb56cdca49f5cdc0542da97681154315-v5149fcda2a9a6fe1d35dfed1bade1444a11ef271,True,,True,956164.0,1018493,6.5186516120665505,22.666666666666668,24,5.882352941176472,15.0,16,6.666666666666665,79.33333333333333,97,22.26890756302522
full_relational_preserve_one_20260926_125500,codex,instance_qutebrowser__qutebrowser-8d05f0282a271bfd45e614238bd1b555c58b3fc1-v35616345bb8052ea303186706cec663146f0f184,True,,True,662302.666667,734468,10.89612604100898,22.0,25,13.636363636363647,11.333333333333334,12,5.882352941176472,50.666666666666664,69,36.184210526315795
full_relational_preserve_one_20260926_125500,codex,instance_qutebrowser__qutebrowser-8f46ba3f6dc7b18375f7aa63c48a1fe461190430-v2ef375ac784985212b1805e1d0431dc8f1b3c171,True,,True,531207.0,283621,-46.60819605163336,19.666666666666668,14,-28.8135593220339,11.333333333333334,8,-29.41176470588236,89.0,78,-12.35955056179775
full_relational_preserve_one_20260926_125500,codex,instance_qutebrowser__qutebrowser-996487c43e4fcc265b541f9eca1e7930e3c5cf05-v2ef375ac784985212b1805e1d0431dc8f1b3c171,True,,True,616471.666667,557410,-9.580597107782962,19.0,18,-5.263157894736848,13.0,12,-7.692307692307687,33.666666666666664,33,-1.9801980198019709
full_relational_preserve_one_20260926_125500,codex,instance_qutebrowser__qutebrowser-a25e8a09873838ca9efefd36ea8a45170bbeb95c-vc2f56a753b62a190ddb23cd330c257b9cf560d12,True,,True,439408.333333,373080,-15.094919304303211,17.666666666666668,15,-15.094339622641517,12.333333333333334,16,29.729729729729716,64.0,76,18.75
full_relational_preserve_one_20260926_125500,codex,instance_qutebrowser__qutebrowser-cf06f4e3708f886032d4d2a30108c2fddb042d81-v2ef375ac784985212b1805e1d0431dc8f1b3c171,True,,True,545086.333333,426944,-21.674058971650155,18.333333333333332,16,-12.72727272727272,11.333333333333334,11,-2.941176470588236,75.0,82,9.333333333333327
full_relational_preserve_one_20260926_125500,codex,instance_qutebrowser__qutebrowser-de4a1c1a2839b5b49c3d4ce21d39de48d24e2091-v2ef375ac784985212b1805e1d0431dc8f1b3c171,True,,True,818274.666667,1072680,31.09045699401216,24.333333333333332,25,2.7397260273972712,12.333333333333334,11,-10.81081081081081,436.6666666666667,481,10.152671755725184
full_relational_preserve_one_20260926_125500,codex,instance_qutebrowser__qutebrowser-deeb15d6f009b3ca0c3bd503a7cef07462bd16b4-v363c8a7e5ccdf6968fc7ab84a2053ac78036691d,True,,True,557337.333333,532071,-4.533400477929894,24.333333333333332,24,-1.3698630136986245,12.0,9,-25.0,35.666666666666664,56,57.009345794392544
full_relational_preserve_one_20260926_125500,codex,instance_qutebrowser__qutebrowser-e57b6e0eeeb656eb2c84d6547d5a0a7333ecee85-v2ef375ac784985212b1805e1d0431dc8f1b3c171,True,,True,437571.666667,397134,-9.24138141187596,18.0,16,-11.111111111111116,11.666666666666666,6,-48.57142857142856,54.333333333333336,61,12.269938650306745
full_relational_preserve_one_20260926_125500,codex,instance_qutebrowser__qutebrowser-e64622cd2df5b521342cf4a62e0d4cb8f8c9ae5a-v363c8a7e5ccdf6968fc7ab84a2053ac78036691d,True,,True,391480.333333,315506,-19.406934873628746,18.333333333333332,15,-18.181818181818176,8.333333333333334,12,43.99999999999999,42.666666666666664,68,59.375
full_relational_preserve_one_20260926_125500,codex,instance_qutebrowser__qutebrowser-e70f5b03187bdd40e8bf70f5f3ead840f52d1f42-v02ad04386d5238fe2d1a1be450df257370de4b6a,True,,True,617476.0,532686,-13.731707791072045,19.333333333333332,16,-17.24137931034482,15.333333333333334,16,4.347826086956519,71.33333333333333,47,-34.112149532710276
full_relational_preserve_one_20260926_125500,codex,instance_qutebrowser__qutebrowser-ebfe9b7aa0c4ba9d451f993e08955004aaec4345-v059c6fdc75567943479b23ebca7c07b5e9a7f34c,True,,True,774841.333333,760024,-1.9123054870166523,27.0,21,-22.22222222222222,21.666666666666668,14,-35.384615384615394,394.0,341,-13.451776649746193
full_relational_preserve_one_20260926_125500,codex,instance_qutebrowser__qutebrowser-ef5ba1a0360b39f9eff027fbdc57f363597c3c3b-v363c8a7e5ccdf6968fc7ab84a2053ac78036691d,True,,True,1128639.666667,813721,-27.902498553589762,24.666666666666668,24,-2.7027027027027084,21.0,18,-14.28571428571429,81.33333333333333,106,30.327868852459016
full_relational_preserve_one_20260926_125500,codex,instance_qutebrowser__qutebrowser-f91ace96223cac8161c16dd061907e138fe85111-v059c6fdc75567943479b23ebca7c07b5e9a7f34c,True,,True,422604.333333,318728,-24.58004453332201,17.666666666666668,16,-9.433962264150953,12.0,13,8.333333333333325,123.0,134,8.943089430894302
full_relational_preserve_one_20260926_125500,codex,instance_qutebrowser__qutebrowser-fd6790fe8c02b144ab2464f1fc8ab3d02ce3c476-v2ef375ac784985212b1805e1d0431dc8f1b3c171,True,,True,1070944.333333,645502,-39.72590545476212,29.0,20,-31.034482758620683,24.0,17,-29.166666666666664,175.66666666666666,185,5.313092979127143
full_relational_preserve_one_20260926_125500,codex,instance_qutebrowser__qutebrowser-fea33d607fde83cf505b228238cf365936437a63-v9f8e9d96c85c85a605e382f1510bd08563afc566,True,,True,344718.666667,238928,-30.68898696141521,13.666666666666666,12,-12.195121951219512,10.333333333333334,8,-22.580645161290324,14.333333333333334,27,88.37209302325581
